,0,1,2,3,4
0,800,0.0,0.3048,71.3,0.00266337
1,1000,0.0,0.3048,71.3,0.00266337
2,1250,0.0,0.3048,71.3,0.00266337
3,1600,0.0,0.3048,71.3,0.00266337
4,2000,0.0,0.3048,71.3,0.00266337
5,2500,0.0,0.3048,71.3,0.00266337
6,3150,0.0,0.3048,71.3,0.00266337
7,4000,0.0,0.3048,71.3,0.00266337
8,5000,0.0,0.3048,71.3,0.00266337
9,6300,0.0,0.3048,71.3,0.00266337
10,8000,0.0,0.3048,71.3,0.00266337
11,10000,0.0,0.3048,71.3,0.00266337
12,12500,0.0,0.3048,71.3,0.00266337
13,16000,0.0,0.3048,71.3,0.00266337
14,500,0.0,0.3048,55.5,0.00283081
15,630,0.0,0.3048,55.5,0.00283081
16,800,0.0,0.3048,55.5,0.00283081
17,1000,0.0,0.3048,55.5,0.00283081
18,1250,0.0,0.3048,55.5,0.00283081
19,1600,0.0,0.3048,55.5,0.00283081
20,2000,0.0,0.3048,55.5,0.00283081
21,2500,0.0,0.3048,55.5,0.00283081
22,3150,0.0,0.3048,55.5,0.00283081
23,4000,0.0,0.3048,55.5,0.00283081
24,5000,0.0,0.3048,55.5,0.00283081
25,6300,0.0,0.3048,55.5,0.00283081
26,8000,0.0,0.3048,55.5,0.00283081
27,10000,0.0,0.3048,55.5,0.00283081
28,12500,0.0,0.3048,55.5,0.00283081
29,200,0.0,0.3048,39.6,0.00310138
30,250,0.0,0.3048,39.6,0.00310138
31,315,0.0,0.3048,39.6,0.00310138
32,400,0.0,0.3048,39.6,0.00310138
33,500,0.0,0.3048,39.6,0.00310138
34,630,0.0,0.3048,39.6,0.00310138
35,800,0.0,0.3048,39.6,0.00310138
36,1000,0.0,0.3048,39.6,0.00310138
37,1250,0.0,0.3048,39.6,0.00310138
38,1600,0.0,0.3048,39.6,0.00310138
39,2000,0.0,0.3048,39.6,0.00310138
40,2500,0.0,0.3048,39.6,0.00310138
41,3150,0.0,0.3048,39.6,0.00310138
42,4000,0.0,0.3048,39.6,0.00310138
43,5000,0.0,0.3048,39.6,0.00310138
44,6300,0.0,0.3048,39.6,0.00310138
45,8000,0.0,0.3048,39.6,0.00310138
46,10000,0.0,0.3048,39.6,0.00310138
47,12500,0.0,0.3048,39.6,0.00310138
48,200,0.0,0.3048,31.7,0.00331266
49,250,0.0,0.3048,31.7,0.00331266
50,315,0.0,0.3048,31.7,0.00331266
51,400,0.0,0.3048,31.7,0.00331266
52,500,0.0,0.3048,31.7,0.00331266
53,630,0.0,0.3048,31.7,0.00331266
54,800,0.0,0.3048,31.7,0.00331266
55,1000,0.0,0.3048,31.7,0.00331266
56,1250,0.0,0.3048,31.7,0.00331266
57,1600,0.0,0.3048,31.7,0.00331266
58,2000,0.0,0.3048,31.7,0.00331266
59,2500,0.0,0.3048,31.7,0.00331266
60,3150,0.0,0.3048,31.7,0.00331266
61,4000,0.0,0.3048,31.7,0.00331266
62,5000,0.0,0.3048,31.7,0.00331266
63,6300,0.0,0.3048,31.7,0.00331266
64,8000,0.0,0.3048,31.7,0.00331266
65,10000,0.0,0.3048,31.7,0.00331266
66,800,1.5,0.3048,71.3,0.00336729
67,1000,1.5,0.3048,71.3,0.00336729
68,1250,1.5,0.3048,71.3,0.00336729
69,1600,1.5,0.3048,71.3,0.00336729
70,2000,1.5,0.3048,71.3,0.00336729
71,2500,1.5,0.3048,71.3,0.00336729
72,3150,1.5,0.3048,71.3,0.00336729
73,4000,1.5,0.3048,71.3,0.00336729
74,5000,1.5,0.3048,71.3,0.00336729
75,6300,1.5,0.3048,71.3,0.00336729
76,8000,1.5,0.3048,71.3,0.00336729
77,10000,1.5,0.3048,71.3,0.00336729
78,12500,1.5,0.3048,71.3,0.00336729
79,16000,1.5,0.3048,71.3,0.00336729
80,315,1.5,0.3048,39.6,0.00392107
81,400,1.5,0.3048,39.6,0.00392107
82,500,1.5,0.3048,39.6,0.00392107
83,630,1.5,0.3048,39.6,0.00392107
84,800,1.5,0.3048,39.6,0.00392107
85,1000,1.5,0.3048,39.6,0.00392107
86,1250,1.5,0.3048,39.6,0.00392107
87,1600,1.5,0.3048,39.6,0.00392107
88,2000,1.5,0.3048,39.6,0.00392107
89,2500,1.5,0.3048,39.6,0.00392107
90,3150,1.5,0.3048,39.6,0.00392107
91,4000,1.5,0.3048,39.6,0.00392107
92,5000,1.5,0.3048,39.6,0.00392107
93,6300,1.5,0.3048,39.6,0.00392107
94,8000,1.5,0.3048,39.6,0.00392107
95,10000,1.5,0.3048,39.6,0.00392107
96,12500,1.5,0.3048,39.6,0.00392107
97,400,3.0,0.3048,71.3,0.00425727
98,500,3.0,0.3048,71.3,0.00425727
99,630,3.0,0.3048,71.3,0.00425727
100,800,3.0,0.3048,71.3,0.00425727
101,1000,3.0,0.3048,71.3,0.00425727
102,1250,3.0,0.3048,71.3,0.00425727
103,1600,3.0,0.3048,71.3,0.00425727
104,2000,3.0,0.3048,71.3,0.00425727
105,2500,3.0,0.3048,71.3,0.00425727
106,3150,3.0,0.3048,71.3,0.00425727
107,4000,3.0,0.3048,71.3,0.00425727
108,5000,3.0,0.3048,71.3,0.00425727
109,6300,3.0,0.3048,71.3,0.00425727
110,8000,3.0,0.3048,71.3,0.00425727
111,10000,3.0,0.3048,71.3,0.00425727
112,400,3.0,0.3048,55.5,0.00452492
113,500,3.0,0.3048,55.5,0.00452492
114,630,3.0,0.3048,55.5,0.00452492
115,800,3.0,0.3048,55.5,0.00452492
116,1000,3.0,0.3048,55.5,0.00452492
117,1250,3.0,0.3048,55.5,0.00452492
118,1600,3.0,0.3048,55.5,0.00452492
119,2000,3.0,0.3048,55.5,0.00452492
120,2500,3.0,0.3048,55.5,0.00452492
121,3150,3.0,0.3048,55.5,0.00452492
122,4000,3.0,0.3048,55.5,0.00452492
123,5000,3.0,0.3048,55.5,0.00452492
124,6300,3.0,0.3048,55.5,0.00452492
125,8000,3.0,0.3048,55.5,0.00452492
126,10000,3.0,0.3048,55.5,0.00452492
127,315,3.0,0.3048,39.6,0.00495741
128,400,3.0,0.3048,39.6,0.00495741
129,500,3.0,0.3048,39.6,0.00495741
130,630,3.0,0.3048,39.6,0.00495741
131,800,3.0,0.3048,39.6,0.00495741
132,1000,3.0,0.3048,39.6,0.00495741
133,1250,3.0,0.3048,39.6,0.00495741
134,1600,3.0,0.3048,39.6,0.00495741
135,2000,3.0,0.3048,39.6,0.00495741
136,2500,3.0,0.3048,39.6,0.00495741
137,3150,3.0,0.3048,39.6,0.00495741
138,4000,3.0,0.3048,39.6,0.00495741
139,5000,3.0,0.3048,39.6,0.00495741
140,6300,3.0,0.3048,39.6,0.00495741
141,8000,3.0,0.3048,39.6,0.00495741
142,315,3.0,0.3048,31.7,0.00529514
143,400,3.0,0.3048,31.7,0.00529514
144,500,3.0,0.3048,31.7,0.00529514
145,630,3.0,0.3048,31.7,0.00529514
146,800,3.0,0.3048,31.7,0.00529514
147,1000,3.0,0.3048,31.7,0.00529514
148,1250,3.0,0.3048,31.7,0.00529514
149,1600,3.0,0.3048,31.7,0.00529514
150,2000,3.0,0.3048,31.7,0.00529514
151,2500,3.0,0.3048,31.7,0.00529514
152,3150,3.0,0.3048,31.7,0.00529514
153,4000,3.0,0.3048,31.7,0.00529514
154,5000,3.0,0.3048,31.7,0.00529514
155,6300,3.0,0.3048,31.7,0.00529514
156,250,4.0,0.3048,71.3,0.00497773
157,315,4.0,0.3048,71.3,0.00497773
158,400,4.0,0.3048,71.3,0.00497773
159,500,4.0,0.3048,71.3,0.00497773
160,630,4.0,0.3048,71.3,0.00497773
161,800,4.0,0.3048,71.3,0.00497773
162,1000,4.0,0.3048,71.3,0.00497773
163,1250,4.0,0.3048,71.3,0.00497773
164,1600,4.0,0.3048,71.3,0.00497773
165,2000,4.0,0.3048,71.3,0.00497773
166,2500,4.0,0.3048,71.3,0.00497773
167,3150,4.0,0.3048,71.3,0.00497773
168,4000,4.0,0.3048,71.3,0.00497773
169,5000,4.0,0.3048,71.3,0.00497773
170,6300,4.0,0.3048,71.3,0.00497773
171,8000,4.0,0.3048,71.3,0.00497773
172,10000,4.0,0.3048,71.3,0.00497773
173,12500,4.0,0.3048,71.3,0.00497773
174,250,4.0,0.3048,39.6,0.00579636
175,315,4.0,0.3048,39.6,0.00579636
176,400,4.0,0.3048,39.6,0.00579636
177,500,4.0,0.3048,39.6,0.00579636
178,630,4.0,0.3048,39.6,0.00579636
179,800,4.0,0.3048,39.6,0.00579636
180,1000,4.0,0.3048,39.6,0.00579636
181,1250,4.0,0.3048,39.6,0.00579636
182,1600,4.0,0.3048,39.6,0.00579636
183,2000,4.0,0.3048,39.6,0.00579636
184,2500,4.0,0.3048,39.6,0.00579636
185,3150,4.0,0.3048,39.6,0.00579636
186,4000,4.0,0.3048,39.6,0.00579636
187,5000,4.0,0.3048,39.6,0.00579636
188,1250,0.0,0.2286,71.3,0.00214345
189,1600,0.0,0.2286,71.3,0.00214345
190,2000,0.0,0.2286,71.3,0.00214345
191,2500,0.0,0.2286,71.3,0.00214345
192,3150,0.0,0.2286,71.3,0.00214345
193,4000,0.0,0.2286,71.3,0.00214345
194,5000,0.0,0.2286,71.3,0.00214345
195,6300,0.0,0.2286,71.3,0.00214345
196,8000,0.0,0.2286,71.3,0.00214345
197,10000,0.0,0.2286,71.3,0.00214345
198,12500,0.0,0.2286,71.3,0.00214345
199,16000,0.0,0.2286,71.3,0.00214345
200,20000,0.0,0.2286,71.3,0.00214345
201,315,0.0,0.2286,55.5,0.00229336
202,400,0.0,0.2286,55.5,0.00229336
203,500,0.0,0.2286,55.5,0.00229336
204,630,0.0,0.2286,55.5,0.00229336
205,800,0.0,0.2286,55.5,0.00229336
206,1000,0.0,0.2286,55.5,0.00229336
207,1250,0.0,0.2286,55.5,0.00229336
208,1600,0.0,0.2286,55.5,0.00229336
209,2000,0.0,0.2286,55.5,0.00229336
210,2500,0.0,0.2286,55.5,0.00229336
211,3150,0.0,0.2286,55.5,0.00229336
212,4000,0.0,0.2286,55.5,0.00229336
213,5000,0.0,0.2286,55.5,0.00229336
214,6300,0.0,0.2286,55.5,0.00229336
215,315,0.0,0.2286,39.6,0.00253511
216,400,0.0,0.2286,39.6,0.00253511
217,500,0.0,0.2286,39.6,0.00253511
218,630,0.0,0.2286,39.6,0.00253511
219,800,0.0,0.2286,39.6,0.00253511
220,1000,0.0,0.2286,39.6,0.00253511
221,1250,0.0,0.2286,39.6,0.00253511
222,1600,0.0,0.2286,39.6,0.00253511
223,2000,0.0,0.2286,39.6,0.00253511
224,2500,0.0,0.2286,39.6,0.00253511
225,3150,0.0,0.2286,39.6,0.00253511
226,4000,0.0,0.2286,39.6,0.00253511
227,5000,0.0,0.2286,39.6,0.00253511
228,6300,0.0,0.2286,39.6,0.00253511
229,315,0.0,0.2286,31.7,0.0027238
230,400,0.0,0.2286,31.7,0.0027238
231,500,0.0,0.2286,31.7,0.0027238
232,630,0.0,0.2286,31.7,0.0027238
233,800,0.0,0.2286,31.7,0.0027238
234,1000,0.0,0.2286,31.7,0.0027238
235,1250,0.0,0.2286,31.7,0.0027238
236,1600,0.0,0.2286,31.7,0.0027238
237,2000,0.0,0.2286,31.7,0.0027238
238,2500,0.0,0.2286,31.7,0.0027238
239,3150,0.0,0.2286,31.7,0.0027238
240,4000,0.0,0.2286,31.7,0.0027238
241,5000,0.0,0.2286,31.7,0.0027238
242,6300,0.0,0.2286,31.7,0.0027238
243,400,2.0,0.2286,71.3,0.00293031
244,500,2.0,0.2286,71.3,0.00293031
245,630,2.0,0.2286,71.3,0.00293031
246,800,2.0,0.2286,71.3,0.00293031
247,1000,2.0,0.2286,71.3,0.00293031
248,1250,2.0,0.2286,71.3,0.00293031
249,1600,2.0,0.2286,71.3,0.00293031
250,2000,2.0,0.2286,71.3,0.00293031
251,2500,2.0,0.2286,71.3,0.00293031
252,3150,2.0,0.2286,71.3,0.00293031
253,4000,2.0,0.2286,71.3,0.00293031
254,5000,2.0,0.2286,71.3,0.00293031
255,6300,2.0,0.2286,71.3,0.00293031
256,8000,2.0,0.2286,71.3,0.00293031
257,10000,2.0,0.2286,71.3,0.00293031
258,400,2.0,0.2286,55.5,0.00313525
259,500,2.0,0.2286,55.5,0.00313525
260,630,2.0,0.2286,55.5,0.00313525
261,800,2.0,0.2286,55.5,0.00313525
262,1000,2.0,0.2286,55.5,0.00313525
263,1250,2.0,0.2286,55.5,0.00313525
264,1600,2.0,0.2286,55.5,0.00313525
265,2000,2.0,0.2286,55.5,0.00313525
266,2500,2.0,0.2286,55.5,0.00313525
267,3150,2.0,0.2286,55.5,0.00313525
268,4000,2.0,0.2286,55.5,0.00313525
269,5000,2.0,0.2286,55.5,0.00313525
270,6300,2.0,0.2286,55.5,0.00313525
271,315,2.0,0.2286,39.6,0.00346574
272,400,2.0,0.2286,39.6,0.00346574
273,500,2.0,0.2286,39.6,0.00346574
274,630,2.0,0.2286,39.6,0.00346574
275,800,2.0,0.2286,39.6,0.00346574
276,1000,2.0,0.2286,39.6,0.00346574
277,1250,2.0,0.2286,39.6,0.00346574
278,1600,2.0,0.2286,39.6,0.00346574
279,2000,2.0,0.2286,39.6,0.00346574
280,2500,2.0,0.2286,39.6,0.00346574
281,3150,2.0,0.2286,39.6,0.00346574
282,4000,2.0,0.2286,39.6,0.00346574
283,5000,2.0,0.2286,39.6,0.00346574
284,6300,2.0,0.2286,39.6,0.00346574
285,315,2.0,0.2286,31.7,0.00372371
286,400,2.0,0.2286,31.7,0.00372371
287,500,2.0,0.2286,31.7,0.00372371
288,630,2.0,0.2286,31.7,0.00372371
289,800,2.0,0.2286,31.7,0.00372371
290,1000,2.0,0.2286,31.7,0.00372371
291,1250,2.0,0.2286,31.7,0.00372371
292,1600,2.0,0.2286,31.7,0.00372371
293,2000,2.0,0.2286,31.7,0.00372371
294,2500,2.0,0.2286,31.7,0.00372371
295,3150,2.0,0.2286,31.7,0.00372371
296,4000,2.0,0.2286,31.7,0.00372371
297,5000,2.0,0.2286,31.7,0.00372371
298,6300,2.0,0.2286,31.7,0.00372371
299,500,4.0,0.2286,71.3,0.00400603
300,630,4.0,0.2286,71.3,0.00400603
301,800,4.0,0.2286,71.3,0.00400603
302,1000,4.0,0.2286,71.3,0.00400603
303,1250,4.0,0.2286,71.3,0.00400603
304,1600,4.0,0.2286,71.3,0.00400603
305,2000,4.0,0.2286,71.3,0.00400603
306,2500,4.0,0.2286,71.3,0.00400603
307,3150,4.0,0.2286,71.3,0.00400603
308,4000,4.0,0.2286,71.3,0.00400603
309,5000,4.0,0.2286,71.3,0.00400603
310,6300,4.0,0.2286,71.3,0.00400603
311,8000,4.0,0.2286,71.3,0.00400603
312,10000,4.0,0.2286,71.3,0.00400603
313,12500,4.0,0.2286,71.3,0.00400603
314,16000,4.0,0.2286,71.3,0.00400603
315,20000,4.0,0.2286,71.3,0.00400603
316,400,4.0,0.2286,55.5,0.0042862
317,500,4.0,0.2286,55.5,0.0042862
318,630,4.0,0.2286,55.5,0.0042862
319,800,4.0,0.2286,55.5,0.0042862
320,1000,4.0,0.2286,55.5,0.0042862
321,1250,4.0,0.2286,55.5,0.0042862
322,1600,4.0,0.2286,55.5,0.0042862
323,2000,4.0,0.2286,55.5,0.0042862
324,2500,4.0,0.2286,55.5,0.0042862
325,3150,4.0,0.2286,55.5,0.0042862
326,4000,4.0,0.2286,55.5,0.0042862
327,5000,4.0,0.2286,55.5,0.0042862
328,6300,4.0,0.2286,55.5,0.0042862
329,8000,4.0,0.2286,55.5,0.0042862
330,315,4.0,0.2286,39.6,0.00473801
331,400,4.0,0.2286,39.6,0.00473801
332,500,4.0,0.2286,39.6,0.00473801
333,630,4.0,0.2286,39.6,0.00473801
334,800,4.0,0.2286,39.6,0.00473801
335,1000,4.0,0.2286,39.6,0.00473801
336,1250,4.0,0.2286,39.6,0.00473801
337,1600,4.0,0.2286,39.6,0.00473801
338,2000,4.0,0.2286,39.6,0.00473801
339,2500,4.0,0.2286,39.6,0.00473801
340,3150,4.0,0.2286,39.6,0.00473801
341,4000,4.0,0.2286,39.6,0.00473801
342,5000,4.0,0.2286,39.6,0.00473801
343,6300,4.0,0.2286,39.6,0.00473801
344,8000,4.0,0.2286,39.6,0.00473801
345,250,4.0,0.2286,31.7,0.00509068
346,315,4.0,0.2286,31.7,0.00509068
347,400,4.0,0.2286,31.7,0.00509068
348,500,4.0,0.2286,31.7,0.00509068
349,630,4.0,0.2286,31.7,0.00509068
350,800,4.0,0.2286,31.7,0.00509068
351,1000,4.0,0.2286,31.7,0.00509068
352,1250,4.0,0.2286,31.7,0.00509068
353,1600,4.0,0.2286,31.7,0.00509068
354,2000,4.0,0.2286,31.7,0.00509068
355,2500,4.0,0.2286,31.7,0.00509068
356,3150,4.0,0.2286,31.7,0.00509068
357,4000,4.0,0.2286,31.7,0.00509068
358,5000,4.0,0.2286,31.7,0.00509068
359,6300,4.0,0.2286,31.7,0.00509068
360,400,5.3,0.2286,71.3,0.0051942
361,500,5.3,0.2286,71.3,0.0051942
362,630,5.3,0.2286,71.3,0.0051942
363,800,5.3,0.2286,71.3,0.0051942
364,1000,5.3,0.2286,71.3,0.0051942
365,1250,5.3,0.2286,71.3,0.0051942
366,1600,5.3,0.2286,71.3,0.0051942
367,2000,5.3,0.2286,71.3,0.0051942
368,2500,5.3,0.2286,71.3,0.0051942
369,3150,5.3,0.2286,71.3,0.0051942
370,4000,5.3,0.2286,71.3,0.0051942
371,5000,5.3,0.2286,71.3,0.0051942
372,6300,5.3,0.2286,71.3,0.0051942
373,8000,5.3,0.2286,71.3,0.0051942
374,10000,5.3,0.2286,71.3,0.0051942
375,250,5.3,0.2286,39.6,0.00614329
376,315,5.3,0.2286,39.6,0.00614329
377,400,5.3,0.2286,39.6,0.00614329
378,500,5.3,0.2286,39.6,0.00614329
379,630,5.3,0.2286,39.6,0.00614329
380,800,5.3,0.2286,39.6,0.00614329
381,1000,5.3,0.2286,39.6,0.00614329
382,1250,5.3,0.2286,39.6,0.00614329
383,1600,5.3,0.2286,39.6,0.00614329
384,2000,5.3,0.2286,39.6,0.00614329
385,2500,5.3,0.2286,39.6,0.00614329
386,3150,5.3,0.2286,39.6,0.00614329
387,4000,5.3,0.2286,39.6,0.00614329
388,5000,5.3,0.2286,39.6,0.00614329
389,6300,5.3,0.2286,39.6,0.00614329
390,200,7.3,0.2286,71.3,0.0104404
391,250,7.3,0.2286,71.3,0.0104404
392,315,7.3,0.2286,71.3,0.0104404
393,400,7.3,0.2286,71.3,0.0104404
394,500,7.3,0.2286,71.3,0.0104404
395,630,7.3,0.2286,71.3,0.0104404
396,800,7.3,0.2286,71.3,0.0104404
397,1000,7.3,0.2286,71.3,0.0104404
398,1250,7.3,0.2286,71.3,0.0104404
399,1600,7.3,0.2286,71.3,0.0104404
400,2000,7.3,0.2286,71.3,0.0104404
401,2500,7.3,0.2286,71.3,0.0104404
402,3150,7.3,0.2286,71.3,0.0104404
403,4000,7.3,0.2286,71.3,0.0104404
404,5000,7.3,0.2286,71.3,0.0104404
405,6300,7.3,0.2286,71.3,0.0104404
406,200,7.3,0.2286,55.5,0.0111706
407,250,7.3,0.2286,55.5,0.0111706
408,315,7.3,0.2286,55.5,0.0111706
409,400,7.3,0.2286,55.5,0.0111706
410,500,7.3,0.2286,55.5,0.0111706
411,630,7.3,0.2286,55.5,0.0111706
412,800,7.3,0.2286,55.5,0.0111706
413,1000,7.3,0.2286,55.5,0.0111706
414,1250,7.3,0.2286,55.5,0.0111706
415,1600,7.3,0.2286,55.5,0.0111706
416,2000,7.3,0.2286,55.5,0.0111706
417,2500,7.3,0.2286,55.5,0.0111706
418,3150,7.3,0.2286,55.5,0.0111706
419,4000,7.3,0.2286,55.5,0.0111706
420,5000,7.3,0.2286,55.5,0.0111706
421,6300,7.3,0.2286,55.5,0.0111706
422,200,7.3,0.2286,39.6,0.0123481
423,250,7.3,0.2286,39.6,0.0123481
424,315,7.3,0.2286,39.6,0.0123481
425,400,7.3,0.2286,39.6,0.0123481
426,500,7.3,0.2286,39.6,0.0123481
427,630,7.3,0.2286,39.6,0.0123481
428,800,7.3,0.2286,39.6,0.0123481
429,1000,7.3,0.2286,39.6,0.0123481
430,1250,7.3,0.2286,39.6,0.0123481
431,1600,7.3,0.2286,39.6,0.0123481
432,2000,7.3,0.2286,39.6,0.0123481
433,2500,7.3,0.2286,39.6,0.0123481
434,3150,7.3,0.2286,39.6,0.0123481
435,4000,7.3,0.2286,39.6,0.0123481
436,5000,7.3,0.2286,39.6,0.0123481
437,6300,7.3,0.2286,39.6,0.0123481
438,200,7.3,0.2286,31.7,0.0132672
439,250,7.3,0.2286,31.7,0.0132672
440,315,7.3,0.2286,31.7,0.0132672
441,400,7.3,0.2286,31.7,0.0132672
442,500,7.3,0.2286,31.7,0.0132672
443,630,7.3,0.2286,31.7,0.0132672
444,800,7.3,0.2286,31.7,0.0132672
445,1000,7.3,0.2286,31.7,0.0132672
446,1250,7.3,0.2286,31.7,0.0132672
447,1600,7.3,0.2286,31.7,0.0132672
448,2000,7.3,0.2286,31.7,0.0132672
449,2500,7.3,0.2286,31.7,0.0132672
450,3150,7.3,0.2286,31.7,0.0132672
451,4000,7.3,0.2286,31.7,0.0132672
452,5000,7.3,0.2286,31.7,0.0132672
453,6300,7.3,0.2286,31.7,0.0132672
454,800,0.0,0.1524,71.3,0.0015988
455,1000,0.0,0.1524,71.3,0.0015988
456,1250,0.0,0.1524,71.3,0.0015988
457,1600,0.0,0.1524,71.3,0.0015988
458,2000,0.0,0.1524,71.3,0.0015988
459,2500,0.0,0.1524,71.3,0.0015988
460,3150,0.0,0.1524,71.3,0.0015988
461,4000,0.0,0.1524,71.3,0.0015988
462,5000,0.0,0.1524,71.3,0.0015988
463,6300,0.0,0.1524,71.3,0.0015988
464,8000,0.0,0.1524,71.3,0.0015988
465,10000,0.0,0.1524,71.3,0.0015988
466,12500,0.0,0.1524,71.3,0.0015988
467,16000,0.0,0.1524,71.3,0.0015988
468,500,0.0,0.1524,55.5,0.00172668
469,630,0.0,0.1524,55.5,0.00172668
470,800,0.0,0.1524,55.5,0.00172668
471,1000,0.0,0.1524,55.5,0.00172668
472,1250,0.0,0.1524,55.5,0.00172668
473,1600,0.0,0.1524,55.5,0.00172668
474,2000,0.0,0.1524,55.5,0.00172668
475,2500,0.0,0.1524,55.5,0.00172668
476,3150,0.0,0.1524,55.5,0.00172668
477,4000,0.0,0.1524,55.5,0.00172668
478,5000,0.0,0.1524,55.5,0.00172668
479,6300,0.0,0.1524,55.5,0.00172668
480,8000,0.0,0.1524,55.5,0.00172668
481,10000,0.0,0.1524,55.5,0.00172668
482,12500,0.0,0.1524,55.5,0.00172668
483,16000,0.0,0.1524,55.5,0.00172668
484,500,0.0,0.1524,39.6,0.00193287
485,630,0.0,0.1524,39.6,0.00193287
486,800,0.0,0.1524,39.6,0.00193287
487,1000,0.0,0.1524,39.6,0.00193287
488,1250,0.0,0.1524,39.6,0.00193287
489,1600,0.0,0.1524,39.6,0.00193287
490,2000,0.0,0.1524,39.6,0.00193287
491,2500,0.0,0.1524,39.6,0.00193287
492,3150,0.0,0.1524,39.6,0.00193287
493,4000,0.0,0.1524,39.6,0.00193287
494,5000,0.0,0.1524,39.6,0.00193287
495,6300,0.0,0.1524,39.6,0.00193287
496,8000,0.0,0.1524,39.6,0.00193287
497,10000,0.0,0.1524,39.6,0.00193287
498,500,0.0,0.1524,31.7,0.00209405
499,630,0.0,0.1524,31.7,0.00209405
500,800,0.0,0.1524,31.7,0.00209405
501,1000,0.0,0.1524,31.7,0.00209405
502,1250,0.0,0.1524,31.7,0.00209405
503,1600,0.0,0.1524,31.7,0.00209405
504,2000,0.0,0.1524,31.7,0.00209405
505,2500,0.0,0.1524,31.7,0.00209405
506,3150,0.0,0.1524,31.7,0.00209405
507,4000,0.0,0.1524,31.7,0.00209405
508,5000,0.0,0.1524,31.7,0.00209405
509,6300,0.0,0.1524,31.7,0.00209405
510,8000,0.0,0.1524,31.7,0.00209405
511,630,2.7,0.1524,71.3,0.00243851
512,800,2.7,0.1524,71.3,0.00243851
513,1000,2.7,0.1524,71.3,0.00243851
514,1250,2.7,0.1524,71.3,0.00243851
515,1600,2.7,0.1524,71.3,0.00243851
516,2000,2.7,0.1524,71.3,0.00243851
517,2500,2.7,0.1524,71.3,0.00243851
518,3150,2.7,0.1524,71.3,0.00243851
519,4000,2.7,0.1524,71.3,0.00243851
520,5000,2.7,0.1524,71.3,0.00243851
521,6300,2.7,0.1524,71.3,0.00243851
522,8000,2.7,0.1524,71.3,0.00243851
523,10000,2.7,0.1524,71.3,0.00243851
524,12500,2.7,0.1524,71.3,0.00243851
525,16000,2.7,0.1524,71.3,0.00243851
526,500,2.7,0.1524,39.6,0.00294804
527,630,2.7,0.1524,39.6,0.00294804
528,800,2.7,0.1524,39.6,0.00294804
529,1000,2.7,0.1524,39.6,0.00294804
530,1250,2.7,0.1524,39.6,0.00294804
531,1600,2.7,0.1524,39.6,0.00294804
532,2000,2.7,0.1524,39.6,0.00294804
533,2500,2.7,0.1524,39.6,0.00294804
534,3150,2.7,0.1524,39.6,0.00294804
535,4000,2.7,0.1524,39.6,0.00294804
536,5000,2.7,0.1524,39.6,0.00294804
537,6300,2.7,0.1524,39.6,0.00294804
538,8000,2.7,0.1524,39.6,0.00294804
539,10000,2.7,0.1524,39.6,0.00294804
540,12500,2.7,0.1524,39.6,0.00294804
541,400,5.4,0.1524,71.3,0.00401199
542,500,5.4,0.1524,71.3,0.00401199
543,630,5.4,0.1524,71.3,0.00401199
544,800,5.4,0.1524,71.3,0.00401199
545,1000,5.4,0.1524,71.3,0.00401199
546,1250,5.4,0.1524,71.3,0.00401199
547,1600,5.4,0.1524,71.3,0.00401199
548,2000,5.4,0.1524,71.3,0.00401199
549,2500,5.4,0.1524,71.3,0.00401199
550,3150,5.4,0.1524,71.3,0.00401199
551,4000,5.4,0.1524,71.3,0.00401199
552,5000,5.4,0.1524,71.3,0.00401199
553,6300,5.4,0.1524,71.3,0.00401199
554,400,5.4,0.1524,55.5,0.00433288
555,500,5.4,0.1524,55.5,0.00433288
556,630,5.4,0.1524,55.5,0.00433288
557,800,5.4,0.1524,55.5,0.00433288
558,1000,5.4,0.1524,55.5,0.00433288
559,1250,5.4,0.1524,55.5,0.00433288
560,1600,5.4,0.1524,55.5,0.00433288
561,2000,5.4,0.1524,55.5,0.00433288
562,2500,5.4,0.1524,55.5,0.00433288
563,3150,5.4,0.1524,55.5,0.00433288
564,4000,5.4,0.1524,55.5,0.00433288
565,5000,5.4,0.1524,55.5,0.00433288
566,6300,5.4,0.1524,55.5,0.00433288
567,8000,5.4,0.1524,55.5,0.00433288
568,315,5.4,0.1524,39.6,0.00485029
569,400,5.4,0.1524,39.6,0.00485029
570,500,5.4,0.1524,39.6,0.00485029
571,630,5.4,0.1524,39.6,0.00485029
572,800,5.4,0.1524,39.6,0.00485029
573,1000,5.4,0.1524,39.6,0.00485029
574,1250,5.4,0.1524,39.6,0.00485029
575,1600,5.4,0.1524,39.6,0.00485029
576,2000,5.4,0.1524,39.6,0.00485029
577,2500,5.4,0.1524,39.6,0.00485029
578,3150,5.4,0.1524,39.6,0.00485029
579,4000,5.4,0.1524,39.6,0.00485029
580,5000,5.4,0.1524,39.6,0.00485029
581,6300,5.4,0.1524,39.6,0.00485029
582,315,5.4,0.1524,31.7,0.00525474
583,400,5.4,0.1524,31.7,0.00525474
584,500,5.4,0.1524,31.7,0.00525474
585,630,5.4,0.1524,31.7,0.00525474
586,800,5.4,0.1524,31.7,0.00525474
587,1000,5.4,0.1524,31.7,0.00525474
588,1250,5.4,0.1524,31.7,0.00525474
589,1600,5.4,0.1524,31.7,0.00525474
590,2000,5.4,0.1524,31.7,0.00525474
591,2500,5.4,0.1524,31.7,0.00525474
592,3150,5.4,0.1524,31.7,0.00525474
593,4000,5.4,0.1524,31.7,0.00525474
594,5000,5.4,0.1524,31.7,0.00525474
595,6300,5.4,0.1524,31.7,0.00525474
596,315,7.2,0.1524,71.3,0.00752039
597,400,7.2,0.1524,71.3,0.00752039
598,500,7.2,0.1524,71.3,0.00752039
599,630,7.2,0.1524,71.3,0.00752039
600,800,7.2,0.1524,71.3,0.00752039
601,1000,7.2,0.1524,71.3,0.00752039
602,1250,7.2,0.1524,71.3,0.00752039
603,1600,7.2,0.1524,71.3,0.00752039
604,2000,7.2,0.1524,71.3,0.00752039
605,2500,7.2,0.1524,71.3,0.00752039
606,3150,7.2,0.1524,71.3,0.00752039
607,4000,7.2,0.1524,71.3,0.00752039
608,5000,7.2,0.1524,71.3,0.00752039
609,6300,7.2,0.1524,71.3,0.00752039
610,8000,7.2,0.1524,71.3,0.00752039
611,10000,7.2,0.1524,71.3,0.00752039
612,250,7.2,0.1524,39.6,0.00909175
613,315,7.2,0.1524,39.6,0.00909175
614,400,7.2,0.1524,39.6,0.00909175
615,500,7.2,0.1524,39.6,0.00909175
616,630,7.2,0.1524,39.6,0.00909175
617,800,7.2,0.1524,39.6,0.00909175
618,1000,7.2,0.1524,39.6,0.00909175
619,1250,7.2,0.1524,39.6,0.00909175
620,1600,7.2,0.1524,39.6,0.00909175
621,2000,7.2,0.1524,39.6,0.00909175
622,2500,7.2,0.1524,39.6,0.00909175
623,3150,7.2,0.1524,39.6,0.00909175
624,4000,7.2,0.1524,39.6,0.00909175
625,5000,7.2,0.1524,39.6,0.00909175
626,6300,7.2,0.1524,39.6,0.00909175
627,8000,7.2,0.1524,39.6,0.00909175
628,10000,7.2,0.1524,39.6,0.00909175
629,200,9.9,0.1524,71.3,0.0193001
630,250,9.9,0.1524,71.3,0.0193001
631,315,9.9,0.1524,71.3,0.0193001
632,400,9.9,0.1524,71.3,0.0193001
633,500,9.9,0.1524,71.3,0.0193001
634,630,9.9,0.1524,71.3,0.0193001
635,800,9.9,0.1524,71.3,0.0193001
636,1000,9.9,0.1524,71.3,0.0193001
637,1250,9.9,0.1524,71.3,0.0193001
638,1600,9.9,0.1524,71.3,0.0193001
639,2000,9.9,0.1524,71.3,0.0193001
640,2500,9.9,0.1524,71.3,0.0193001
641,3150,9.9,0.1524,71.3,0.0193001
642,4000,9.9,0.1524,71.3,0.0193001
643,5000,9.9,0.1524,71.3,0.0193001
644,6300,9.9,0.1524,71.3,0.0193001
645,200,9.9,0.1524,55.5,0.0208438
646,250,9.9,0.1524,55.5,0.0208438
647,315,9.9,0.1524,55.5,0.0208438
648,400,9.9,0.1524,55.5,0.0208438
649,500,9.9,0.1524,55.5,0.0208438
650,630,9.9,0.1524,55.5,0.0208438
651,800,9.9,0.1524,55.5,0.0208438
652,1000,9.9,0.1524,55.5,0.0208438
653,1250,9.9,0.1524,55.5,0.0208438
654,1600,9.9,0.1524,55.5,0.0208438
655,2000,9.9,0.1524,55.5,0.0208438
656,2500,9.9,0.1524,55.5,0.0208438
657,3150,9.9,0.1524,55.5,0.0208438
658,4000,9.9,0.1524,55.5,0.0208438
659,5000,9.9,0.1524,55.5,0.0208438
660,6300,9.9,0.1524,55.5,0.0208438
661,200,9.9,0.1524,39.6,0.0233328
662,250,9.9,0.1524,39.6,0.0233328
663,315,9.9,0.1524,39.6,0.0233328
664,400,9.9,0.1524,39.6,0.0233328
665,500,9.9,0.1524,39.6,0.0233328
666,630,9.9,0.1524,39.6,0.0233328
667,800,9.9,0.1524,39.6,0.0233328
668,1000,9.9,0.1524,39.6,0.0233328
669,1250,9.9,0.1524,39.6,0.0233328
670,1600,9.9,0.1524,39.6,0.0233328
671,2000,9.9,0.1524,39.6,0.0233328
672,2500,9.9,0.1524,39.6,0.0233328
673,3150,9.9,0.1524,39.6,0.0233328
674,4000,9.9,0.1524,39.6,0.0233328
675,5000,9.9,0.1524,39.6,0.0233328
676,6300,9.9,0.1524,39.6,0.0233328
677,200,9.9,0.1524,31.7,0.0252785
678,250,9.9,0.1524,31.7,0.0252785
679,315,9.9,0.1524,31.7,0.0252785
680,400,9.9,0.1524,31.7,0.0252785
681,500,9.9,0.1524,31.7,0.0252785
682,630,9.9,0.1524,31.7,0.0252785
683,800,9.9,0.1524,31.7,0.0252785
684,1000,9.9,0.1524,31.7,0.0252785
685,1250,9.9,0.1524,31.7,0.0252785
686,1600,9.9,0.1524,31.7,0.0252785
687,2000,9.9,0.1524,31.7,0.0252785
688,2500,9.9,0.1524,31.7,0.0252785
689,3150,9.9,0.1524,31.7,0.0252785
690,4000,9.9,0.1524,31.7,0.0252785
691,5000,9.9,0.1524,31.7,0.0252785
692,6300,9.9,0.1524,31.7,0.0252785
693,200,12.6,0.1524,71.3,0.0483159
694,250,12.6,0.1524,71.3,0.0483159
695,315,12.6,0.1524,71.3,0.0483159
696,400,12.6,0.1524,71.3,0.0483159
697,500,12.6,0.1524,71.3,0.0483159
698,630,12.6,0.1524,71.3,0.0483159
699,800,12.6,0.1524,71.3,0.0483159
700,1000,12.6,0.1524,71.3,0.0483159
701,1250,12.6,0.1524,71.3,0.0483159
702,1600,12.6,0.1524,71.3,0.0483159
703,2000,12.6,0.1524,71.3,0.0483159
704,2500,12.6,0.1524,71.3,0.0483159
705,3150,12.6,0.1524,71.3,0.0483159
706,4000,12.6,0.1524,71.3,0.0483159
707,5000,12.6,0.1524,71.3,0.0483159
708,6300,12.6,0.1524,71.3,0.0483159
709,200,12.6,0.1524,39.6,0.0584113
710,250,12.6,0.1524,39.6,0.0584113
711,315,12.6,0.1524,39.6,0.0584113
712,400,12.6,0.1524,39.6,0.0584113
713,500,12.6,0.1524,39.6,0.0584113
714,630,12.6,0.1524,39.6,0.0584113
715,800,12.6,0.1524,39.6,0.0584113
716,1000,12.6,0.1524,39.6,0.0584113
717,1250,12.6,0.1524,39.6,0.0584113
718,1600,12.6,0.1524,39.6,0.0584113
719,2000,12.6,0.1524,39.6,0.0584113
720,2500,12.6,0.1524,39.6,0.0584113
721,3150,12.6,0.1524,39.6,0.0584113
722,4000,12.6,0.1524,39.6,0.0584113
723,5000,12.6,0.1524,39.6,0.0584113
724,6300,12.6,0.1524,39.6,0.0584113
725,800,0.0,0.0508,71.3,0.000740478
726,1000,0.0,0.0508,71.3,0.000740478
727,1250,0.0,0.0508,71.3,0.000740478
728,1600,0.0,0.0508,71.3,0.000740478
729,2000,0.0,0.0508,71.3,0.000740478
730,2500,0.0,0.0508,71.3,0.000740478
731,3150,0.0,0.0508,71.3,0.000740478
732,4000,0.0,0.0508,71.3,0.000740478
733,5000,0.0,0.0508,71.3,0.000740478
734,6300,0.0,0.0508,71.3,0.000740478
735,8000,0.0,0.0508,71.3,0.000740478
736,10000,0.0,0.0508,71.3,0.000740478
737,12500,0.0,0.0508,71.3,0.000740478
738,800,0.0,0.0508,55.5,0.00076193
739,1000,0.0,0.0508,55.5,0.00076193
740,1250,0.0,0.0508,55.5,0.00076193
741,1600,0.0,0.0508,55.5,0.00076193
742,2000,0.0,0.0508,55.5,0.00076193
743,2500,0.0,0.0508,55.5,0.00076193
744,3150,0.0,0.0508,55.5,0.00076193
745,4000,0.0,0.0508,55.5,0.00076193
746,5000,0.0,0.0508,55.5,0.00076193
747,6300,0.0,0.0508,55.5,0.00076193
748,8000,0.0,0.0508,55.5,0.00076193
749,10000,0.0,0.0508,55.5,0.00076193
750,12500,0.0,0.0508,55.5,0.00076193
751,800,0.0,0.0508,39.6,0.000791822
752,1000,0.0,0.0508,39.6,0.000791822
753,1250,0.0,0.0508,39.6,0.000791822
754,1600,0.0,0.0508,39.6,0.000791822
755,2000,0.0,0.0508,39.6,0.000791822
756,2500,0.0,0.0508,39.6,0.000791822
757,3150,0.0,0.0508,39.6,0.000791822
758,4000,0.0,0.0508,39.6,0.000791822
759,5000,0.0,0.0508,39.6,0.000791822
760,6300,0.0,0.0508,39.6,0.000791822
761,8000,0.0,0.0508,39.6,0.000791822
762,10000,0.0,0.0508,39.6,0.000791822
763,12500,0.0,0.0508,39.6,0.000791822
764,800,0.0,0.0508,31.7,0.000812164
765,1000,0.0,0.0508,31.7,0.000812164
766,1250,0.0,0.0508,31.7,0.000812164
767,1600,0.0,0.0508,31.7,0.000812164
768,2000,0.0,0.0508,31.7,0.000812164
769,2500,0.0,0.0508,31.7,0.000812164
770,3150,0.0,0.0508,31.7,0.000812164
771,4000,0.0,0.0508,31.7,0.000812164
772,5000,0.0,0.0508,31.7,0.000812164
773,6300,0.0,0.0508,31.7,0.000812164
774,8000,0.0,0.0508,31.7,0.000812164
775,10000,0.0,0.0508,31.7,0.000812164
776,12500,0.0,0.0508,31.7,0.000812164
777,1600,4.2,0.0508,71.3,0.00142788
778,2000,4.2,0.0508,71.3,0.00142788
779,2500,4.2,0.0508,71.3,0.00142788
780,3150,4.2,0.0508,71.3,0.00142788
781,4000,4.2,0.0508,71.3,0.00142788
782,5000,4.2,0.0508,71.3,0.00142788
783,6300,4.2,0.0508,71.3,0.00142788
784,8000,4.2,0.0508,71.3,0.00142788
785,10000,4.2,0.0508,71.3,0.00142788
786,12500,4.2,0.0508,71.3,0.00142788
787,1000,4.2,0.0508,39.6,0.00152689
788,1250,4.2,0.0508,39.6,0.00152689
789,1600,4.2,0.0508,39.6,0.00152689
790,2000,4.2,0.0508,39.6,0.00152689
791,2500,4.2,0.0508,39.6,0.00152689
792,3150,4.2,0.0508,39.6,0.00152689
793,4000,4.2,0.0508,39.6,0.00152689
794,5000,4.2,0.0508,39.6,0.00152689
795,6300,4.2,0.0508,39.6,0.00152689
796,8000,4.2,0.0508,39.6,0.00152689
797,10000,4.2,0.0508,39.6,0.00152689
798,800,8.4,0.0508,71.3,0.00529514
799,1000,8.4,0.0508,71.3,0.00529514
800,1250,8.4,0.0508,71.3,0.00529514
801,1600,8.4,0.0508,71.3,0.00529514
802,2000,8.4,0.0508,71.3,0.00529514
803,2500,8.4,0.0508,71.3,0.00529514
804,3150,8.4,0.0508,71.3,0.00529514
805,4000,8.4,0.0508,71.3,0.00529514
806,5000,8.4,0.0508,71.3,0.00529514
807,400,8.4,0.0508,55.5,0.00544854
808,500,8.4,0.0508,55.5,0.00544854
809,630,8.4,0.0508,55.5,0.00544854
810,800,8.4,0.0508,55.5,0.00544854
811,1000,8.4,0.0508,55.5,0.00544854
812,1250,8.4,0.0508,55.5,0.00544854
813,1600,8.4,0.0508,55.5,0.00544854
814,2000,8.4,0.0508,55.5,0.00544854
815,2500,8.4,0.0508,55.5,0.00544854
816,3150,8.4,0.0508,55.5,0.00544854
817,4000,8.4,0.0508,55.5,0.00544854
818,5000,8.4,0.0508,55.5,0.00544854
819,400,8.4,0.0508,39.6,0.00566229
820,500,8.4,0.0508,39.6,0.00566229
821,630,8.4,0.0508,39.6,0.00566229
822,800,8.4,0.0508,39.6,0.00566229
823,1000,8.4,0.0508,39.6,0.00566229
824,1250,8.4,0.0508,39.6,0.00566229
825,1600,8.4,0.0508,39.6,0.00566229
826,2000,8.4,0.0508,39.6,0.00566229
827,2500,8.4,0.0508,39.6,0.00566229
828,3150,8.4,0.0508,39.6,0.00566229
829,4000,8.4,0.0508,39.6,0.00566229
830,400,8.4,0.0508,31.7,0.00580776
831,500,8.4,0.0508,31.7,0.00580776
832,630,8.4,0.0508,31.7,0.00580776
833,800,8.4,0.0508,31.7,0.00580776
834,1000,8.4,0.0508,31.7,0.00580776
835,1250,8.4,0.0508,31.7,0.00580776
836,1600,8.4,0.0508,31.7,0.00580776
837,2000,8.4,0.0508,31.7,0.00580776
838,2500,8.4,0.0508,31.7,0.00580776
839,3150,8.4,0.0508,31.7,0.00580776
840,4000,8.4,0.0508,31.7,0.00580776
841,200,11.2,0.0508,71.3,0.014072
842,250,11.2,0.0508,71.3,0.014072
843,315,11.2,0.0508,71.3,0.014072
844,400,11.2,0.0508,71.3,0.014072
845,500,11.2,0.0508,71.3,0.014072
846,630,11.2,0.0508,71.3,0.014072
847,800,11.2,0.0508,71.3,0.014072
848,1000,11.2,0.0508,71.3,0.014072
849,1250,11.2,0.0508,71.3,0.014072
850,1600,11.2,0.0508,71.3,0.014072
851,2000,11.2,0.0508,71.3,0.014072
852,2500,11.2,0.0508,71.3,0.014072
853,3150,11.2,0.0508,71.3,0.014072
854,4000,11.2,0.0508,71.3,0.014072
855,200,11.2,0.0508,39.6,0.0150478
856,250,11.2,0.0508,39.6,0.0150478
857,315,11.2,0.0508,39.6,0.0150478
858,400,11.2,0.0508,39.6,0.0150478
859,500,11.2,0.0508,39.6,0.0150478
860,630,11.2,0.0508,39.6,0.0150478
861,800,11.2,0.0508,39.6,0.0150478
862,1000,11.2,0.0508,39.6,0.0150478
863,1250,11.2,0.0508,39.6,0.0150478
864,1600,11.2,0.0508,39.6,0.0150478
865,2000,11.2,0.0508,39.6,0.0150478
866,2500,11.2,0.0508,39.6,0.0150478
867,3150,11.2,0.0508,39.6,0.0150478
868,4000,11.2,0.0508,39.6,0.0150478
869,200,15.4,0.0508,71.3,0.0264269
870,250,15.4,0.0508,71.3,0.0264269
871,315,15.4,0.0508,71.3,0.0264269
872,400,15.4,0.0508,71.3,0.0264269
873,500,15.4,0.0508,71.3,0.0264269
874,630,15.4,0.0508,71.3,0.0264269
875,800,15.4,0.0508,71.3,0.0264269
876,1000,15.4,0.0508,71.3,0.0264269
877,1250,15.4,0.0508,71.3,0.0264269
878,1600,15.4,0.0508,71.3,0.0264269
879,2000,15.4,0.0508,71.3,0.0264269
880,2500,15.4,0.0508,71.3,0.0264269
881,3150,15.4,0.0508,71.3,0.0264269
882,4000,15.4,0.0508,71.3,0.0264269
883,5000,15.4,0.0508,71.3,0.0264269
884,6300,15.4,0.0508,71.3,0.0264269
885,8000,15.4,0.0508,71.3,0.0264269
886,200,15.4,0.0508,55.5,0.0271925
887,250,15.4,0.0508,55.5,0.0271925
888,315,15.4,0.0508,55.5,0.0271925
889,400,15.4,0.0508,55.5,0.0271925
890,500,15.4,0.0508,55.5,0.0271925
891,630,15.4,0.0508,55.5,0.0271925
892,800,15.4,0.0508,55.5,0.0271925
893,1000,15.4,0.0508,55.5,0.0271925
894,1250,15.4,0.0508,55.5,0.0271925
895,1600,15.4,0.0508,55.5,0.0271925
896,2000,15.4,0.0508,55.5,0.0271925
897,2500,15.4,0.0508,55.5,0.0271925
898,3150,15.4,0.0508,55.5,0.0271925
899,4000,15.4,0.0508,55.5,0.0271925
900,5000,15.4,0.0508,55.5,0.0271925
901,6300,15.4,0.0508,55.5,0.0271925
902,200,15.4,0.0508,39.6,0.0282593
903,250,15.4,0.0508,39.6,0.0282593
904,315,15.4,0.0508,39.6,0.0282593
905,400,15.4,0.0508,39.6,0.0282593
906,500,15.4,0.0508,39.6,0.0282593
907,630,15.4,0.0508,39.6,0.0282593
908,800,15.4,0.0508,39.6,0.0282593
909,1000,15.4,0.0508,39.6,0.0282593
910,1250,15.4,0.0508,39.6,0.0282593
911,1600,15.4,0.0508,39.6,0.0282593
912,2000,15.4,0.0508,39.6,0.0282593
913,2500,15.4,0.0508,39.6,0.0282593
914,3150,15.4,0.0508,39.6,0.0282593
915,4000,15.4,0.0508,39.6,0.0282593
916,5000,15.4,0.0508,39.6,0.0282593
917,6300,15.4,0.0508,39.6,0.0282593
918,200,15.4,0.0508,31.7,0.0289853
919,250,15.4,0.0508,31.7,0.0289853
920,315,15.4,0.0508,31.7,0.0289853
921,400,15.4,0.0508,31.7,0.0289853
922,500,15.4,0.0508,31.7,0.0289853
923,630,15.4,0.0508,31.7,0.0289853
924,800,15.4,0.0508,31.7,0.0289853
925,1000,15.4,0.0508,31.7,0.0289853
926,1250,15.4,0.0508,31.7,0.0289853
927,1600,15.4,0.0508,31.7,0.0289853
928,2000,15.4,0.0508,31.7,0.0289853
929,2500,15.4,0.0508,31.7,0.0289853
930,3150,15.4,0.0508,31.7,0.0289853
931,4000,15.4,0.0508,31.7,0.0289853
932,5000,15.4,0.0508,31.7,0.0289853
933,6300,15.4,0.0508,31.7,0.0289853
934,200,19.7,0.0508,71.3,0.0341183
935,250,19.7,0.0508,71.3,0.0341183
936,315,19.7,0.0508,71.3,0.0341183
937,400,19.7,0.0508,71.3,0.0341183
938,500,19.7,0.0508,71.3,0.0341183
939,630,19.7,0.0508,71.3,0.0341183
940,800,19.7,0.0508,71.3,0.0341183
941,1000,19.7,0.0508,71.3,0.0341183
942,1250,19.7,0.0508,71.3,0.0341183
943,1600,19.7,0.0508,71.3,0.0341183
944,2000,19.7,0.0508,71.3,0.0341183
945,2500,19.7,0.0508,71.3,0.0341183
946,3150,19.7,0.0508,71.3,0.0341183
947,4000,19.7,0.0508,71.3,0.0341183
948,200,19.7,0.0508,39.6,0.036484
949,250,19.7,0.0508,39.6,0.036484
950,315,19.7,0.0508,39.6,0.036484
951,400,19.7,0.0508,39.6,0.036484
952,500,19.7,0.0508,39.6,0.036484
953,630,19.7,0.0508,39.6,0.036484
954,800,19.7,0.0508,39.6,0.036484
955,1000,19.7,0.0508,39.6,0.036484
956,1250,19.7,0.0508,39.6,0.036484
957,1600,19.7,0.0508,39.6,0.036484
958,2000,19.7,0.0508,39.6,0.036484
959,2500,19.7,0.0508,39.6,0.036484
960,3150,19.7,0.0508,39.6,0.036484
961,4000,19.7,0.0508,39.6,0.036484
962,2500,0.0,0.0254,71.3,0.000400682
963,3150,0.0,0.0254,71.3,0.000400682
964,4000,0.0,0.0254,71.3,0.000400682
965,5000,0.0,0.0254,71.3,0.000400682
966,6300,0.0,0.0254,71.3,0.000400682
967,8000,0.0,0.0254,71.3,0.000400682
968,10000,0.0,0.0254,71.3,0.000400682
969,12500,0.0,0.0254,71.3,0.000400682
970,16000,0.0,0.0254,71.3,0.000400682
971,20000,0.0,0.0254,71.3,0.000400682
972,2000,0.0,0.0254,55.5,0.00041229
973,2500,0.0,0.0254,55.5,0.00041229
974,3150,0.0,0.0254,55.5,0.00041229
975,4000,0.0,0.0254,55.5,0.00041229
976,5000,0.0,0.0254,55.5,0.00041229
977,6300,0.0,0.0254,55.5,0.00041229
978,8000,0.0,0.0254,55.5,0.00041229
979,10000,0.0,0.0254,55.5,0.00041229
980,12500,0.0,0.0254,55.5,0.00041229
981,16000,0.0,0.0254,55.5,0.00041229
982,20000,0.0,0.0254,55.5,0.00041229
983,1600,0.0,0.0254,39.6,0.000428464
984,2000,0.0,0.0254,39.6,0.000428464
985,2500,0.0,0.0254,39.6,0.000428464
986,3150,0.0,0.0254,39.6,0.000428464
987,4000,0.0,0.0254,39.6,0.000428464
988,5000,0.0,0.0254,39.6,0.000428464
989,6300,0.0,0.0254,39.6,0.000428464
990,8000,0.0,0.0254,39.6,0.000428464
991,10000,0.0,0.0254,39.6,0.000428464
992,12500,0.0,0.0254,39.6,0.000428464
993,16000,0.0,0.0254,39.6,0.000428464
994,1000,0.0,0.0254,31.7,0.000439472
995,1250,0.0,0.0254,31.7,0.000439472
996,1600,0.0,0.0254,31.7,0.000439472
997,2000,0.0,0.0254,31.7,0.000439472
998,2500,0.0,0.0254,31.7,0.000439472
999,3150,0.0,0.0254,31.7,0.000439472
1000,4000,0.0,0.0254,31.7,0.000439472
1001,5000,0.0,0.0254,31.7,0.000439472
1002,6300,0.0,0.0254,31.7,0.000439472
1003,8000,0.0,0.0254,31.7,0.000439472
1004,10000,0.0,0.0254,31.7,0.000439472
1005,12500,0.0,0.0254,31.7,0.000439472
1006,16000,0.0,0.0254,31.7,0.000439472
1007,2000,4.8,0.0254,71.3,0.000848633
1008,2500,4.8,0.0254,71.3,0.000848633
1009,3150,4.8,0.0254,71.3,0.000848633
1010,4000,4.8,0.0254,71.3,0.000848633
1011,5000,4.8,0.0254,71.3,0.000848633
1012,6300,4.8,0.0254,71.3,0.000848633
1013,8000,4.8,0.0254,71.3,0.000848633
1014,10000,4.8,0.0254,71.3,0.000848633
1015,12500,4.8,0.0254,71.3,0.000848633
1016,16000,4.8,0.0254,71.3,0.000848633
1017,20000,4.8,0.0254,71.3,0.000848633
1018,1600,4.8,0.0254,55.5,0.000873218
1019,2000,4.8,0.0254,55.5,0.000873218
1020,2500,4.8,0.0254,55.5,0.000873218
1021,3150,4.8,0.0254,55.5,0.000873218
1022,4000,4.8,0.0254,55.5,0.000873218
1023,5000,4.8,0.0254,55.5,0.000873218
1024,6300,4.8,0.0254,55.5,0.000873218
1025,8000,4.8,0.0254,55.5,0.000873218
1026,10000,4.8,0.0254,55.5,0.000873218
1027,12500,4.8,0.0254,55.5,0.000873218
1028,16000,4.8,0.0254,55.5,0.000873218
1029,20000,4.8,0.0254,55.5,0.000873218
1030,500,4.8,0.0254,39.6,0.000907475
1031,630,4.8,0.0254,39.6,0.000907475
1032,800,4.8,0.0254,39.6,0.000907475
1033,1000,4.8,0.0254,39.6,0.000907475
1034,1250,4.8,0.0254,39.6,0.000907475
1035,1600,4.8,0.0254,39.6,0.000907475
1036,2000,4.8,0.0254,39.6,0.000907475
1037,2500,4.8,0.0254,39.6,0.000907475
1038,3150,4.8,0.0254,39.6,0.000907475
1039,4000,4.8,0.0254,39.6,0.000907475
1040,5000,4.8,0.0254,39.6,0.000907475
1041,6300,4.8,0.0254,39.6,0.000907475
1042,8000,4.8,0.0254,39.6,0.000907475
1043,10000,4.8,0.0254,39.6,0.000907475
1044,500,4.8,0.0254,31.7,0.000930789
1045,630,4.8,0.0254,31.7,0.000930789
1046,800,4.8,0.0254,31.7,0.000930789
1047,1000,4.8,0.0254,31.7,0.000930789
1048,1250,4.8,0.0254,31.7,0.000930789
1049,1600,4.8,0.0254,31.7,0.000930789
1050,2000,4.8,0.0254,31.7,0.000930789
1051,2500,4.8,0.0254,31.7,0.000930789
1052,3150,4.8,0.0254,31.7,0.000930789
1053,4000,4.8,0.0254,31.7,0.000930789
1054,5000,4.8,0.0254,31.7,0.000930789
1055,6300,4.8,0.0254,31.7,0.000930789
1056,8000,4.8,0.0254,31.7,0.000930789
1057,630,9.5,0.0254,71.3,0.00420654
1058,800,9.5,0.0254,71.3,0.00420654
1059,1000,9.5,0.0254,71.3,0.00420654
1060,1250,9.5,0.0254,71.3,0.00420654
1061,1600,9.5,0.0254,71.3,0.00420654
1062,2000,9.5,0.0254,71.3,0.00420654
1063,2500,9.5,0.0254,71.3,0.00420654
1064,3150,9.5,0.0254,71.3,0.00420654
1065,4000,9.5,0.0254,71.3,0.00420654
1066,5000,9.5,0.0254,71.3,0.00420654
1067,6300,9.5,0.0254,71.3,0.00420654
1068,400,9.5,0.0254,55.5,0.0043284
1069,500,9.5,0.0254,55.5,0.0043284
1070,630,9.5,0.0254,55.5,0.0043284
1071,800,9.5,0.0254,55.5,0.0043284
1072,1000,9.5,0.0254,55.5,0.0043284
1073,1250,9.5,0.0254,55.5,0.0043284
1074,1600,9.5,0.0254,55.5,0.0043284
1075,2000,9.5,0.0254,55.5,0.0043284
1076,2500,9.5,0.0254,55.5,0.0043284
1077,3150,9.5,0.0254,55.5,0.0043284
1078,4000,9.5,0.0254,55.5,0.0043284
1079,5000,9.5,0.0254,55.5,0.0043284
1080,6300,9.5,0.0254,55.5,0.0043284
1081,200,9.5,0.0254,39.6,0.00449821
1082,250,9.5,0.0254,39.6,0.00449821
1083,315,9.5,0.0254,39.6,0.00449821
1084,400,9.5,0.0254,39.6,0.00449821
1085,500,9.5,0.0254,39.6,0.00449821
1086,630,9.5,0.0254,39.6,0.00449821
1087,800,9.5,0.0254,39.6,0.00449821
1088,1000,9.5,0.0254,39.6,0.00449821
1089,1250,9.5,0.0254,39.6,0.00449821
1090,1600,9.5,0.0254,39.6,0.00449821
1091,2000,9.5,0.0254,39.6,0.00449821
1092,2500,9.5,0.0254,39.6,0.00449821
1093,3150,9.5,0.0254,39.6,0.00449821
1094,4000,9.5,0.0254,39.6,0.00449821
1095,5000,9.5,0.0254,39.6,0.00449821
1096,6300,9.5,0.0254,39.6,0.00449821
1097,200,9.5,0.0254,31.7,0.00461377
1098,250,9.5,0.0254,31.7,0.00461377
1099,315,9.5,0.0254,31.7,0.00461377
1100,400,9.5,0.0254,31.7,0.00461377
1101,500,9.5,0.0254,31.7,0.00461377
1102,630,9.5,0.0254,31.7,0.00461377
1103,800,9.5,0.0254,31.7,0.00461377
1104,1000,9.5,0.0254,31.7,0.00461377
1105,1250,9.5,0.0254,31.7,0.00461377
1106,1600,9.5,0.0254,31.7,0.00461377
1107,2000,9.5,0.0254,31.7,0.00461377
1108,2500,9.5,0.0254,31.7,0.00461377
1109,3150,9.5,0.0254,31.7,0.00461377
1110,4000,9.5,0.0254,31.7,0.00461377
1111,5000,9.5,0.0254,31.7,0.00461377
1112,6300,9.5,0.0254,31.7,0.00461377
1113,250,12.7,0.0254,71.3,0.0121808
1114,315,12.7,0.0254,71.3,0.0121808
1115,400,12.7,0.0254,71.3,0.0121808
1116,500,12.7,0.0254,71.3,0.0121808
1117,630,12.7,0.0254,71.3,0.0121808
1118,800,12.7,0.0254,71.3,0.0121808
1119,1000,12.7,0.0254,71.3,0.0121808
1120,1250,12.7,0.0254,71.3,0.0121808
1121,1600,12.7,0.0254,71.3,0.0121808
1122,2000,12.7,0.0254,71.3,0.0121808
1123,2500,12.7,0.0254,71.3,0.0121808
1124,3150,12.7,0.0254,71.3,0.0121808
1125,4000,12.7,0.0254,71.3,0.0121808
1126,5000,12.7,0.0254,71.3,0.0121808
1127,6300,12.7,0.0254,71.3,0.0121808
1128,8000,12.7,0.0254,71.3,0.0121808
1129,10000,12.7,0.0254,71.3,0.0121808
1130,250,12.7,0.0254,39.6,0.0130253
1131,315,12.7,0.0254,39.6,0.0130253
1132,400,12.7,0.0254,39.6,0.0130253
1133,500,12.7,0.0254,39.6,0.0130253
1134,630,12.7,0.0254,39.6,0.0130253
1135,800,12.7,0.0254,39.6,0.0130253
1136,1000,12.7,0.0254,39.6,0.0130253
1137,1250,12.7,0.0254,39.6,0.0130253
1138,1600,12.7,0.0254,39.6,0.0130253
1139,2000,12.7,0.0254,39.6,0.0130253
1140,2500,12.7,0.0254,39.6,0.0130253
1141,3150,12.7,0.0254,39.6,0.0130253
1142,4000,12.7,0.0254,39.6,0.0130253
1143,5000,12.7,0.0254,39.6,0.0130253
1144,6300,12.7,0.0254,39.6,0.0130253
1145,8000,12.7,0.0254,39.6,0.0130253
1146,10000,12.7,0.0254,39.6,0.0130253
1147,200,17.4,0.0254,71.3,0.016104
1148,250,17.4,0.0254,71.3,0.016104
1149,315,17.4,0.0254,71.3,0.016104
1150,400,17.4,0.0254,71.3,0.016104
1151,500,17.4,0.0254,71.3,0.016104
1152,630,17.4,0.0254,71.3,0.016104
1153,800,17.4,0.0254,71.3,0.016104
1154,1000,17.4,0.0254,71.3,0.016104
1155,1250,17.4,0.0254,71.3,0.016104
1156,1600,17.4,0.0254,71.3,0.016104
1157,2000,17.4,0.0254,71.3,0.016104
1158,2500,17.4,0.0254,71.3,0.016104
1159,3150,17.4,0.0254,71.3,0.016104
1160,4000,17.4,0.0254,71.3,0.016104
1161,5000,17.4,0.0254,71.3,0.016104
1162,6300,17.4,0.0254,71.3,0.016104
1163,8000,17.4,0.0254,71.3,0.016104
1164,200,17.4,0.0254,55.5,0.0165706
1165,250,17.4,0.0254,55.5,0.0165706
1166,315,17.4,0.0254,55.5,0.0165706
1167,400,17.4,0.0254,55.5,0.0165706
1168,500,17.4,0.0254,55.5,0.0165706
1169,630,17.4,0.0254,55.5,0.0165706
1170,800,17.4,0.0254,55.5,0.0165706
1171,1000,17.4,0.0254,55.5,0.0165706
1172,1250,17.4,0.0254,55.5,0.0165706
1173,1600,17.4,0.0254,55.5,0.0165706
1174,2000,17.4,0.0254,55.5,0.0165706
1175,2500,17.4,0.0254,55.5,0.0165706
1176,3150,17.4,0.0254,55.5,0.0165706
1177,4000,17.4,0.0254,55.5,0.0165706
1178,5000,17.4,0.0254,55.5,0.0165706
1179,6300,17.4,0.0254,55.5,0.0165706
1180,200,17.4,0.0254,39.6,0.0172206
1181,250,17.4,0.0254,39.6,0.0172206
1182,315,17.4,0.0254,39.6,0.0172206
1183,400,17.4,0.0254,39.6,0.0172206
1184,500,17.4,0.0254,39.6,0.0172206
1185,630,17.4,0.0254,39.6,0.0172206
1186,800,17.4,0.0254,39.6,0.0172206
1187,1000,17.4,0.0254,39.6,0.0172206
1188,1250,17.4,0.0254,39.6,0.0172206
1189,1600,17.4,0.0254,39.6,0.0172206
1190,2000,17.4,0.0254,39.6,0.0172206
1191,2500,17.4,0.0254,39.6,0.0172206
1192,3150,17.4,0.0254,39.6,0.0172206
1193,4000,17.4,0.0254,39.6,0.0172206
1194,5000,17.4,0.0254,39.6,0.0172206
1195,200,17.4,0.0254,31.7,0.0176631
1196,250,17.4,0.0254,31.7,0.0176631
1197,315,17.4,0.0254,31.7,0.0176631
1198,400,17.4,0.0254,31.7,0.0176631
1199,500,17.4,0.0254,31.7,0.0176631
1200,630,17.4,0.0254,31.7,0.0176631
1201,800,17.4,0.0254,31.7,0.0176631
1202,1000,17.4,0.0254,31.7,0.0176631
1203,1250,17.4,0.0254,31.7,0.0176631
1204,1600,17.4,0.0254,31.7,0.0176631
1205,2000,17.4,0.0254,31.7,0.0176631
1206,2500,17.4,0.0254,31.7,0.0176631
1207,3150,17.4,0.0254,31.7,0.0176631
1208,4000,17.4,0.0254,31.7,0.0176631
1209,5000,17.4,0.0254,31.7,0.0176631
1210,315,22.2,0.0254,71.3,0.0214178
1211,400,22.2,0.0254,71.3,0.0214178
1212,500,22.2,0.0254,71.3,0.0214178
1213,630,22.2,0.0254,71.3,0.0214178
1214,800,22.2,0.0254,71.3,0.0214178
1215,1000,22.2,0.0254,71.3,0.0214178
1216,1250,22.2,0.0254,71.3,0.0214178
1217,1600,22.2,0.0254,71.3,0.0214178
1218,2000,22.2,0.0254,71.3,0.0214178
1219,2500,22.2,0.0254,71.3,0.0214178
1220,3150,22.2,0.0254,71.3,0.0214178
1221,4000,22.2,0.0254,71.3,0.0214178
1222,5000,22.2,0.0254,71.3,0.0214178
1223,6300,22.2,0.0254,71.3,0.0214178
1224,8000,22.2,0.0254,71.3,0.0214178
1225,200,22.2,0.0254,39.6,0.0229028
1226,250,22.2,0.0254,39.6,0.0229028
1227,315,22.2,0.0254,39.6,0.0229028
1228,400,22.2,0.0254,39.6,0.0229028
1229,500,22.2,0.0254,39.6,0.0229028
1230,630,22.2,0.0254,39.6,0.0229028
1231,800,22.2,0.0254,39.6,0.0229028
1232,1000,22.2,0.0254,39.6,0.0229028
1233,1250,22.2,0.0254,39.6,0.0229028
1234,1600,22.2,0.0254,39.6,0.0229028
1235,2000,22.2,0.0254,39.6,0.0229028
1236,2500,22.2,0.0254,39.6,0.0229028
1237,3150,22.2,0.0254,39.6,0.0229028
1238,4000,22.2,0.0254,39.6,0.0229028
1239,5000,22.2,0.0254,39.6,0.0229028
1240,630,0.0,0.1016,71.3,0.00121072
1241,800,0.0,0.1016,71.3,0.00121072
1242,1000,0.0,0.1016,71.3,0.00121072
1243,1250,0.0,0.1016,71.3,0.00121072
1244,1600,0.0,0.1016,71.3,0.00121072
1245,2000,0.0,0.1016,71.3,0.00121072
1246,2500,0.0,0.1016,71.3,0.00121072
1247,3150,0.0,0.1016,71.3,0.00121072
1248,4000,0.0,0.1016,71.3,0.00121072
1249,5000,0.0,0.1016,71.3,0.00121072
1250,6300,0.0,0.1016,71.3,0.00121072
1251,8000,0.0,0.1016,71.3,0.00121072
1252,10000,0.0,0.1016,71.3,0.00121072
1253,12500,0.0,0.1016,71.3,0.00121072
1254,630,0.0,0.1016,55.5,0.00131983
1255,800,0.0,0.1016,55.5,0.00131983
1256,1000,0.0,0.1016,55.5,0.00131983
1257,1250,0.0,0.1016,55.5,0.00131983
1258,1600,0.0,0.1016,55.5,0.00131983
1259,2000,0.0,0.1016,55.5,0.00131983
1260,2500,0.0,0.1016,55.5,0.00131983
1261,3150,0.0,0.1016,55.5,0.00131983
1262,4000,0.0,0.1016,55.5,0.00131983
1263,5000,0.0,0.1016,55.5,0.00131983
1264,6300,0.0,0.1016,55.5,0.00131983
1265,8000,0.0,0.1016,55.5,0.00131983
1266,10000,0.0,0.1016,55.5,0.00131983
1267,12500,0.0,0.1016,55.5,0.00131983
1268,630,0.0,0.1016,39.6,0.00146332
1269,800,0.0,0.1016,39.6,0.00146332
1270,1000,0.0,0.1016,39.6,0.00146332
1271,1250,0.0,0.1016,39.6,0.00146332
1272,1600,0.0,0.1016,39.6,0.00146332
1273,2000,0.0,0.1016,39.6,0.00146332
1274,2500,0.0,0.1016,39.6,0.00146332
1275,3150,0.0,0.1016,39.6,0.00146332
1276,4000,0.0,0.1016,39.6,0.00146332
1277,5000,0.0,0.1016,39.6,0.00146332
1278,6300,0.0,0.1016,39.6,0.00146332
1279,8000,0.0,0.1016,39.6,0.00146332
1280,10000,0.0,0.1016,39.6,0.00146332
1281,630,0.0,0.1016,31.7,0.00150092
1282,800,0.0,0.1016,31.7,0.00150092
1283,1000,0.0,0.1016,31.7,0.00150092
1284,1250,0.0,0.1016,31.7,0.00150092
1285,1600,0.0,0.1016,31.7,0.00150092
1286,2000,0.0,0.1016,31.7,0.00150092
1287,2500,0.0,0.1016,31.7,0.00150092
1288,3150,0.0,0.1016,31.7,0.00150092
1289,4000,0.0,0.1016,31.7,0.00150092
1290,5000,0.0,0.1016,31.7,0.00150092
1291,6300,0.0,0.1016,31.7,0.00150092
1292,8000,0.0,0.1016,31.7,0.00150092
1293,10000,0.0,0.1016,31.7,0.00150092
1294,800,3.3,0.1016,71.3,0.00202822
1295,1000,3.3,0.1016,71.3,0.00202822
1296,1250,3.3,0.1016,71.3,0.00202822
1297,1600,3.3,0.1016,71.3,0.00202822
1298,2000,3.3,0.1016,71.3,0.00202822
1299,2500,3.3,0.1016,71.3,0.00202822
1300,3150,3.3,0.1016,71.3,0.00202822
1301,4000,3.3,0.1016,71.3,0.00202822
1302,5000,3.3,0.1016,71.3,0.00202822
1303,6300,3.3,0.1016,71.3,0.00202822
1304,8000,3.3,0.1016,71.3,0.00202822
1305,10000,3.3,0.1016,71.3,0.00202822
1306,630,3.3,0.1016,55.5,0.002211
1307,800,3.3,0.1016,55.5,0.002211
1308,1000,3.3,0.1016,55.5,0.002211
1309,1250,3.3,0.1016,55.5,0.002211
1310,1600,3.3,0.1016,55.5,0.002211
1311,2000,3.3,0.1016,55.5,0.002211
1312,2500,3.3,0.1016,55.5,0.002211
1313,3150,3.3,0.1016,55.5,0.002211
1314,4000,3.3,0.1016,55.5,0.002211
1315,5000,3.3,0.1016,55.5,0.002211
1316,6300,3.3,0.1016,55.5,0.002211
1317,8000,3.3,0.1016,55.5,0.002211
1318,10000,3.3,0.1016,55.5,0.002211
1319,630,3.3,0.1016,39.6,0.00245138
1320,800,3.3,0.1016,39.6,0.00245138
1321,1000,3.3,0.1016,39.6,0.00245138
1322,1250,3.3,0.1016,39.6,0.00245138
1323,1600,3.3,0.1016,39.6,0.00245138
1324,2000,3.3,0.1016,39.6,0.00245138
1325,2500,3.3,0.1016,39.6,0.00245138
1326,3150,3.3,0.1016,39.6,0.00245138
1327,4000,3.3,0.1016,39.6,0.00245138
1328,5000,3.3,0.1016,39.6,0.00245138
1329,6300,3.3,0.1016,39.6,0.00245138
1330,8000,3.3,0.1016,39.6,0.00245138
1331,10000,3.3,0.1016,39.6,0.00245138
1332,630,3.3,0.1016,31.7,0.00251435
1333,800,3.3,0.1016,31.7,0.00251435
1334,1000,3.3,0.1016,31.7,0.00251435
1335,1250,3.3,0.1016,31.7,0.00251435
1336,1600,3.3,0.1016,31.7,0.00251435
1337,2000,3.3,0.1016,31.7,0.00251435
1338,2500,3.3,0.1016,31.7,0.00251435
1339,3150,3.3,0.1016,31.7,0.00251435
1340,4000,3.3,0.1016,31.7,0.00251435
1341,5000,3.3,0.1016,31.7,0.00251435
1342,6300,3.3,0.1016,31.7,0.00251435
1343,8000,3.3,0.1016,31.7,0.00251435
1344,630,6.7,0.1016,71.3,0.00478288
1345,800,6.7,0.1016,71.3,0.00478288
1346,1000,6.7,0.1016,71.3,0.00478288
1347,1250,6.7,0.1016,71.3,0.00478288
1348,1600,6.7,0.1016,71.3,0.00478288
1349,2000,6.7,0.1016,71.3,0.00478288
1350,2500,6.7,0.1016,71.3,0.00478288
1351,3150,6.7,0.1016,71.3,0.00478288
1352,500,6.7,0.1016,55.5,0.0052139
1353,630,6.7,0.1016,55.5,0.0052139
1354,800,6.7,0.1016,55.5,0.0052139
1355,1000,6.7,0.1016,55.5,0.0052139
1356,1250,6.7,0.1016,55.5,0.0052139
1357,1600,6.7,0.1016,55.5,0.0052139
1358,2000,6.7,0.1016,55.5,0.0052139
1359,2500,6.7,0.1016,55.5,0.0052139
1360,400,6.7,0.1016,39.6,0.00578076
1361,500,6.7,0.1016,39.6,0.00578076
1362,630,6.7,0.1016,39.6,0.00578076
1363,800,6.7,0.1016,39.6,0.00578076
1364,1000,6.7,0.1016,39.6,0.00578076
1365,1250,6.7,0.1016,39.6,0.00578076
1366,1600,6.7,0.1016,39.6,0.00578076
1367,2000,6.7,0.1016,39.6,0.00578076
1368,315,6.7,0.1016,31.7,0.00592927
1369,400,6.7,0.1016,31.7,0.00592927
1370,500,6.7,0.1016,31.7,0.00592927
1371,630,6.7,0.1016,31.7,0.00592927
1372,800,6.7,0.1016,31.7,0.00592927
1373,1000,6.7,0.1016,31.7,0.00592927
1374,1250,6.7,0.1016,31.7,0.00592927
1375,1600,6.7,0.1016,31.7,0.00592927
1376,2000,6.7,0.1016,31.7,0.00592927
1377,200,8.9,0.1016,71.3,0.0103088
1378,250,8.9,0.1016,71.3,0.0103088
1379,315,8.9,0.1016,71.3,0.0103088
1380,400,8.9,0.1016,71.3,0.0103088
1381,500,8.9,0.1016,71.3,0.0103088
1382,630,8.9,0.1016,71.3,0.0103088
1383,800,8.9,0.1016,71.3,0.0103088
1384,1000,8.9,0.1016,71.3,0.0103088
1385,1250,8.9,0.1016,71.3,0.0103088
1386,1600,8.9,0.1016,71.3,0.0103088
1387,2000,8.9,0.1016,71.3,0.0103088
1388,2500,8.9,0.1016,71.3,0.0103088
1389,3150,8.9,0.1016,71.3,0.0103088
1390,4000,8.9,0.1016,71.3,0.0103088
1391,5000,8.9,0.1016,71.3,0.0103088
1392,6300,8.9,0.1016,71.3,0.0103088
1393,200,8.9,0.1016,39.6,0.0124596
1394,250,8.9,0.1016,39.6,0.0124596
1395,315,8.9,0.1016,39.6,0.0124596
1396,400,8.9,0.1016,39.6,0.0124596
1397,500,8.9,0.1016,39.6,0.0124596
1398,630,8.9,0.1016,39.6,0.0124596
1399,800,8.9,0.1016,39.6,0.0124596
1400,1000,8.9,0.1016,39.6,0.0124596
1401,1250,8.9,0.1016,39.6,0.0124596
1402,1600,8.9,0.1016,39.6,0.0124596
1403,2000,8.9,0.1016,39.6,0.0124596
1404,2500,8.9,0.1016,39.6,0.0124596
1405,3150,8.9,0.1016,39.6,0.0124596
1406,4000,8.9,0.1016,39.6,0.0124596
1407,5000,8.9,0.1016,39.6,0.0124596
1408,6300,8.9,0.1016,39.6,0.0124596
1409,200,12.3,0.1016,71.3,0.0337792
1410,250,12.3,0.1016,71.3,0.0337792
1411,315,12.3,0.1016,71.3,0.0337792
1412,400,12.3,0.1016,71.3,0.0337792
1413,500,12.3,0.1016,71.3,0.0337792
1414,630,12.3,0.1016,71.3,0.0337792
1415,800,12.3,0.1016,71.3,0.0337792
1416,1000,12.3,0.1016,71.3,0.0337792
1417,1250,12.3,0.1016,71.3,0.0337792
1418,1600,12.3,0.1016,71.3,0.0337792
1419,2000,12.3,0.1016,71.3,0.0337792
1420,2500,12.3,0.1016,71.3,0.0337792
1421,3150,12.3,0.1016,71.3,0.0337792
1422,4000,12.3,0.1016,71.3,0.0337792
1423,5000,12.3,0.1016,71.3,0.0337792
1424,6300,12.3,0.1016,71.3,0.0337792
1425,200,12.3,0.1016,55.5,0.0368233
1426,250,12.3,0.1016,55.5,0.0368233
1427,315,12.3,0.1016,55.5,0.0368233
1428,400,12.3,0.1016,55.5,0.0368233
1429,500,12.3,0.1016,55.5,0.0368233
1430,630,12.3,0.1016,55.5,0.0368233
1431,800,12.3,0.1016,55.5,0.0368233
1432,1000,12.3,0.1016,55.5,0.0368233
1433,1250,12.3,0.1016,55.5,0.0368233
1434,1600,12.3,0.1016,55.5,0.0368233
1435,2000,12.3,0.1016,55.5,0.0368233
1436,2500,12.3,0.1016,55.5,0.0368233
1437,3150,12.3,0.1016,55.5,0.0368233
1438,4000,12.3,0.1016,55.5,0.0368233
1439,5000,12.3,0.1016,55.5,0.0368233
1440,6300,12.3,0.1016,55.5,0.0368233
1441,200,12.3,0.1016,39.6,0.0408268
1442,250,12.3,0.1016,39.6,0.0408268
1443,315,12.3,0.1016,39.6,0.0408268
1444,400,12.3,0.1016,39.6,0.0408268
1445,500,12.3,0.1016,39.6,0.0408268
1446,630,12.3,0.1016,39.6,0.0408268
1447,800,12.3,0.1016,39.6,0.0408268
1448,1000,12.3,0.1016,39.6,0.0408268
1449,1250,12.3,0.1016,39.6,0.0408268
1450,1600,12.3,0.1016,39.6,0.0408268
1451,2000,12.3,0.1016,39.6,0.0408268
1452,2500,12.3,0.1016,39.6,0.0408268
1453,3150,12.3,0.1016,39.6,0.0408268
1454,4000,12.3,0.1016,39.6,0.0408268
1455,5000,12.3,0.1016,39.6,0.0408268
1456,6300,12.3,0.1016,39.6,0.0408268
1457,200,12.3,0.1016,31.7,0.0418756
1458,250,12.3,0.1016,31.7,0.0418756
1459,315,12.3,0.1016,31.7,0.0418756
1460,400,12.3,0.1016,31.7,0.0418756
1461,500,12.3,0.1016,31.7,0.0418756
1462,630,12.3,0.1016,31.7,0.0418756
1463,800,12.3,0.1016,31.7,0.0418756
1464,1000,12.3,0.1016,31.7,0.0418756
1465,1250,12.3,0.1016,31.7,0.0418756
1466,1600,12.3,0.1016,31.7,0.0418756
1467,2000,12.3,0.1016,31.7,0.0418756
1468,2500,12.3,0.1016,31.7,0.0418756
1469,3150,12.3,0.1016,31.7,0.0418756
1470,4000,12.3,0.1016,31.7,0.0418756
1471,5000,12.3,0.1016,31.7,0.0418756
1472,6300,12.3,0.1016,31.7,0.0418756
1473,200,15.6,0.1016,71.3,0.0437259
1474,250,15.6,0.1016,71.3,0.0437259
1475,315,15.6,0.1016,71.3,0.0437259
1476,400,15.6,0.1016,71.3,0.0437259
1477,500,15.6,0.1016,71.3,0.0437259
1478,630,15.6,0.1016,71.3,0.0437259
1479,800,15.6,0.1016,71.3,0.0437259
1480,1000,15.6,0.1016,71.3,0.0437259
1481,1250,15.6,0.1016,71.3,0.0437259
1482,1600,15.6,0.1016,71.3,0.0437259
1483,2000,15.6,0.1016,71.3,0.0437259
1484,2500,15.6,0.1016,71.3,0.0437259
1485,3150,15.6,0.1016,71.3,0.0437259
1486,4000,15.6,0.1016,71.3,0.0437259
1487,200,15.6,0.1016,39.6,0.0528487
1488,250,15.6,0.1016,39.6,0.0528487
1489,315,15.6,0.1016,39.6,0.0528487
1490,400,15.6,0.1016,39.6,0.0528487
1491,500,15.6,0.1016,39.6,0.0528487
1492,630,15.6,0.1016,39.6,0.0528487
1493,800,15.6,0.1016,39.6,0.0528487
1494,1000,15.6,0.1016,39.6,0.0528487
1495,1250,15.6,0.1016,39.6,0.0528487
1496,1600,15.6,0.1016,39.6,0.0528487
1497,2000,15.6,0.1016,39.6,0.0528487
1498,2500,15.6,0.1016,39.6,0.0528487
1499,3150,15.6,0.1016,39.6,0.0528487
1500,4000,15.6,0.1016,39.6,0.0528487
1501,5000,15.6,0.1016,39.6,0.0528487
1502,6300,15.6,0.1016,39.6,0.0528487
