,LC,PC,L/D,B/Dr,L/B,Fr
0,-2.3,0.568,4.78,3.99,3.17,0.125
1,-2.3,0.568,4.78,3.99,3.17,0.15
2,-2.3,0.568,4.78,3.99,3.17,0.175
3,-2.3,0.568,4.78,3.99,3.17,0.2
4,-2.3,0.568,4.78,3.99,3.17,0.225
5,-2.3,0.568,4.78,3.99,3.17,0.25
6,-2.3,0.568,4.78,3.99,3.17,0.275
7,-2.3,0.568,4.78,3.99,3.17,0.3
8,-2.3,0.568,4.78,3.99,3.17,0.325
9,-2.3,0.568,4.78,3.99,3.17,0.35
10,-2.3,0.568,4.78,3.99,3.17,0.375
11,-2.3,0.568,4.78,3.99,3.17,0.4
12,-2.3,0.568,4.78,3.99,3.17,0.425
13,-2.3,0.568,4.78,3.99,3.17,0.45
14,-2.3,0.569,4.78,3.04,3.64,0.125
15,-2.3,0.569,4.78,3.04,3.64,0.15
16,-2.3,0.569,4.78,3.04,3.64,0.175
17,-2.3,0.569,4.78,3.04,3.64,0.2
18,-2.3,0.569,4.78,3.04,3.64,0.225
19,-2.3,0.569,4.78,3.04,3.64,0.25
20,-2.3,0.569,4.78,3.04,3.64,0.275
21,-2.3,0.569,4.78,3.04,3.64,0.3
22,-2.3,0.569,4.78,3.04,3.64,0.325
23,-2.3,0.569,4.78,3.04,3.64,0.35
24,-2.3,0.569,4.78,3.04,3.64,0.375
25,-2.3,0.569,4.78,3.04,3.64,0.4
26,-2.3,0.569,4.78,3.04,3.64,0.425
27,-2.3,0.569,4.78,3.04,3.64,0.45
28,-2.3,0.565,4.78,5.35,2.76,0.125
29,-2.3,0.565,4.78,5.35,2.76,0.15
30,-2.3,0.565,4.78,5.35,2.76,0.175
31,-2.3,0.565,4.78,5.35,2.76,0.2
32,-2.3,0.565,4.78,5.35,2.76,0.225
33,-2.3,0.565,4.78,5.35,2.76,0.25
34,-2.3,0.565,4.78,5.35,2.76,0.275
35,-2.3,0.565,4.78,5.35,2.76,0.3
36,-2.3,0.565,4.78,5.35,2.76,0.325
37,-2.3,0.565,4.78,5.35,2.76,0.35
38,-2.3,0.565,4.78,5.35,2.76,0.375
39,-2.3,0.565,4.78,5.35,2.76,0.4
40,-2.3,0.565,4.78,5.35,2.76,0.425
41,-2.3,0.565,4.78,5.35,2.76,0.45
42,-2.3,0.564,5.1,3.95,3.53,0.125
43,-2.3,0.564,5.1,3.95,3.53,0.15
44,-2.3,0.564,5.1,3.95,3.53,0.175
45,-2.3,0.564,5.1,3.95,3.53,0.2
46,-2.3,0.564,5.1,3.95,3.53,0.225
47,-2.3,0.564,5.1,3.95,3.53,0.25
48,-2.3,0.564,5.1,3.95,3.53,0.275
49,-2.3,0.564,5.1,3.95,3.53,0.3
50,-2.3,0.564,5.1,3.95,3.53,0.325
51,-2.3,0.564,5.1,3.95,3.53,0.35
52,-2.3,0.564,5.1,3.95,3.53,0.375
53,-2.3,0.564,5.1,3.95,3.53,0.4
54,-2.3,0.564,5.1,3.95,3.53,0.425
55,-2.3,0.564,5.1,3.95,3.53,0.45
56,-2.4,0.574,4.36,3.96,2.76,0.125
57,-2.4,0.574,4.36,3.96,2.76,0.15
58,-2.4,0.574,4.36,3.96,2.76,0.175
59,-2.4,0.574,4.36,3.96,2.76,0.2
60,-2.4,0.574,4.36,3.96,2.76,0.225
61,-2.4,0.574,4.36,3.96,2.76,0.25
62,-2.4,0.574,4.36,3.96,2.76,0.275
63,-2.4,0.574,4.36,3.96,2.76,0.3
64,-2.4,0.574,4.36,3.96,2.76,0.325
65,-2.4,0.574,4.36,3.96,2.76,0.35
66,-2.4,0.574,4.36,3.96,2.76,0.375
67,-2.4,0.574,4.36,3.96,2.76,0.4
68,-2.4,0.574,4.36,3.96,2.76,0.425
69,-2.4,0.574,4.36,3.96,2.76,0.45
70,-2.4,0.568,4.34,2.98,3.15,0.125
71,-2.4,0.568,4.34,2.98,3.15,0.15
72,-2.4,0.568,4.34,2.98,3.15,0.175
73,-2.4,0.568,4.34,2.98,3.15,0.2
74,-2.4,0.568,4.34,2.98,3.15,0.225
75,-2.4,0.568,4.34,2.98,3.15,0.25
76,-2.4,0.568,4.34,2.98,3.15,0.275
77,-2.4,0.568,4.34,2.98,3.15,0.3
78,-2.4,0.568,4.34,2.98,3.15,0.325
79,-2.4,0.568,4.34,2.98,3.15,0.35
80,-2.4,0.568,4.34,2.98,3.15,0.375
81,-2.4,0.568,4.34,2.98,3.15,0.4
82,-2.4,0.568,4.34,2.98,3.15,0.425
83,-2.4,0.568,4.34,2.98,3.15,0.45
84,-2.3,0.562,5.14,4.95,3.17,0.125
85,-2.3,0.562,5.14,4.95,3.17,0.15
86,-2.3,0.562,5.14,4.95,3.17,0.175
87,-2.3,0.562,5.14,4.95,3.17,0.2
88,-2.3,0.562,5.14,4.95,3.17,0.225
89,-2.3,0.562,5.14,4.95,3.17,0.25
90,-2.3,0.562,5.14,4.95,3.17,0.275
91,-2.3,0.562,5.14,4.95,3.17,0.3
92,-2.3,0.562,5.14,4.95,3.17,0.325
93,-2.3,0.562,5.14,4.95,3.17,0.35
94,-2.3,0.562,5.14,4.95,3.17,0.375
95,-2.3,0.562,5.14,4.95,3.17,0.4
96,-2.3,0.562,5.14,4.95,3.17,0.425
97,-2.3,0.562,5.14,4.95,3.17,0.45
98,-2.4,0.585,4.78,3.84,3.32,0.125
99,-2.4,0.585,4.78,3.84,3.32,0.15
100,-2.4,0.585,4.78,3.84,3.32,0.175
101,-2.4,0.585,4.78,3.84,3.32,0.2
102,-2.4,0.585,4.78,3.84,3.32,0.225
103,-2.4,0.585,4.78,3.84,3.32,0.25
104,-2.4,0.585,4.78,3.84,3.32,0.275
105,-2.4,0.585,4.78,3.84,3.32,0.3
106,-2.4,0.585,4.78,3.84,3.32,0.325
107,-2.4,0.585,4.78,3.84,3.32,0.35
108,-2.4,0.585,4.78,3.84,3.32,0.375
109,-2.4,0.585,4.78,3.84,3.32,0.4
110,-2.4,0.585,4.78,3.84,3.32,0.425
111,-2.4,0.585,4.78,3.84,3.32,0.45
112,-2.2,0.546,4.78,4.13,3.07,0.125
113,-2.2,0.546,4.78,4.13,3.07,0.15
114,-2.2,0.546,4.78,4.13,3.07,0.175
115,-2.2,0.546,4.78,4.13,3.07,0.2
116,-2.2,0.546,4.78,4.13,3.07,0.225
117,-2.2,0.546,4.78,4.13,3.07,0.25
118,-2.2,0.546,4.78,4.13,3.07,0.275
119,-2.2,0.546,4.78,4.13,3.07,0.3
120,-2.2,0.546,4.78,4.13,3.07,0.325
121,-2.2,0.546,4.78,4.13,3.07,0.35
122,-2.2,0.546,4.78,4.13,3.07,0.375
123,-2.2,0.546,4.78,4.13,3.07,0.4
124,-2.2,0.546,4.78,4.13,3.07,0.425
125,-2.2,0.546,4.78,4.13,3.07,0.45
126,0.0,0.565,4.77,3.99,3.15,0.125
127,0.0,0.565,4.77,3.99,3.15,0.15
128,0.0,0.565,4.77,3.99,3.15,0.175
129,0.0,0.565,4.77,3.99,3.15,0.2
130,0.0,0.565,4.77,3.99,3.15,0.225
131,0.0,0.565,4.77,3.99,3.15,0.25
132,0.0,0.565,4.77,3.99,3.15,0.275
133,0.0,0.565,4.77,3.99,3.15,0.3
134,0.0,0.565,4.77,3.99,3.15,0.325
135,0.0,0.565,4.77,3.99,3.15,0.35
136,0.0,0.565,4.77,3.99,3.15,0.375
137,0.0,0.565,4.77,3.99,3.15,0.4
138,0.0,0.565,4.77,3.99,3.15,0.425
139,0.0,0.565,4.77,3.99,3.15,0.45
140,-5.0,0.565,4.77,3.99,3.15,0.125
141,-5.0,0.565,4.77,3.99,3.15,0.15
142,-5.0,0.565,4.77,3.99,3.15,0.175
143,-5.0,0.565,4.77,3.99,3.15,0.2
144,-5.0,0.565,4.77,3.99,3.15,0.225
145,-5.0,0.565,4.77,3.99,3.15,0.25
146,-5.0,0.565,4.77,3.99,3.15,0.275
147,-5.0,0.565,4.77,3.99,3.15,0.3
148,-5.0,0.565,4.77,3.99,3.15,0.325
149,-5.0,0.565,4.77,3.99,3.15,0.35
150,-5.0,0.565,4.77,3.99,3.15,0.375
151,-5.0,0.565,4.77,3.99,3.15,0.4
152,-5.0,0.565,4.77,3.99,3.15,0.425
153,-5.0,0.565,4.77,3.99,3.15,0.45
154,0.0,0.565,5.1,3.94,3.51,0.125
155,0.0,0.565,5.1,3.94,3.51,0.15
156,0.0,0.565,5.1,3.94,3.51,0.175
157,0.0,0.565,5.1,3.94,3.51,0.2
158,0.0,0.565,5.1,3.94,3.51,0.225
159,0.0,0.565,5.1,3.94,3.51,0.25
160,0.0,0.565,5.1,3.94,3.51,0.275
161,0.0,0.565,5.1,3.94,3.51,0.3
162,0.0,0.565,5.1,3.94,3.51,0.325
163,0.0,0.565,5.1,3.94,3.51,0.35
164,0.0,0.565,5.1,3.94,3.51,0.375
165,0.0,0.565,5.1,3.94,3.51,0.4
166,0.0,0.565,5.1,3.94,3.51,0.425
167,0.0,0.565,5.1,3.94,3.51,0.45
168,-5.0,0.565,5.1,3.94,3.51,0.125
169,-5.0,0.565,5.1,3.94,3.51,0.15
170,-5.0,0.565,5.1,3.94,3.51,0.175
171,-5.0,0.565,5.1,3.94,3.51,0.2
172,-5.0,0.565,5.1,3.94,3.51,0.225
173,-5.0,0.565,5.1,3.94,3.51,0.25
174,-5.0,0.565,5.1,3.94,3.51,0.275
175,-5.0,0.565,5.1,3.94,3.51,0.3
176,-5.0,0.565,5.1,3.94,3.51,0.325
177,-5.0,0.565,5.1,3.94,3.51,0.35
178,-5.0,0.565,5.1,3.94,3.51,0.375
179,-5.0,0.565,5.1,3.94,3.51,0.4
180,-5.0,0.565,5.1,3.94,3.51,0.425
181,-5.0,0.565,5.1,3.94,3.51,0.45
182,-2.3,0.53,5.11,3.69,3.51,0.125
183,-2.3,0.53,5.11,3.69,3.51,0.15
184,-2.3,0.53,5.11,3.69,3.51,0.175
185,-2.3,0.53,5.11,3.69,3.51,0.2
186,-2.3,0.53,5.11,3.69,3.51,0.225
187,-2.3,0.53,5.11,3.69,3.51,0.25
188,-2.3,0.53,5.11,3.69,3.51,0.275
189,-2.3,0.53,5.11,3.69,3.51,0.3
190,-2.3,0.53,5.11,3.69,3.51,0.325
191,-2.3,0.53,5.11,3.69,3.51,0.35
192,-2.3,0.53,5.11,3.69,3.51,0.375
193,-2.3,0.53,5.11,3.69,3.51,0.4
194,-2.3,0.53,5.11,3.69,3.51,0.425
195,-2.3,0.53,5.11,3.69,3.51,0.45
196,-2.3,0.53,4.76,3.68,3.16,0.125
197,-2.3,0.53,4.76,3.68,3.16,0.15
198,-2.3,0.53,4.76,3.68,3.16,0.175
199,-2.3,0.53,4.76,3.68,3.16,0.2
200,-2.3,0.53,4.76,3.68,3.16,0.225
201,-2.3,0.53,4.76,3.68,3.16,0.25
202,-2.3,0.53,4.76,3.68,3.16,0.275
203,-2.3,0.53,4.76,3.68,3.16,0.3
204,-2.3,0.53,4.76,3.68,3.16,0.325
205,-2.3,0.53,4.76,3.68,3.16,0.35
206,-2.3,0.53,4.76,3.68,3.16,0.375
207,-2.3,0.53,4.76,3.68,3.16,0.4
208,-2.3,0.53,4.76,3.68,3.16,0.425
209,-2.3,0.53,4.76,3.68,3.16,0.45
210,-2.3,0.53,4.34,2.81,3.15,0.125
211,-2.3,0.53,4.34,2.81,3.15,0.15
212,-2.3,0.53,4.34,2.81,3.15,0.175
213,-2.3,0.53,4.34,2.81,3.15,0.2
214,-2.3,0.53,4.34,2.81,3.15,0.225
215,-2.3,0.53,4.34,2.81,3.15,0.25
216,-2.3,0.53,4.34,2.81,3.15,0.275
217,-2.3,0.53,4.34,2.81,3.15,0.3
218,-2.3,0.53,4.34,2.81,3.15,0.325
219,-2.3,0.53,4.34,2.81,3.15,0.35
220,-2.3,0.53,4.34,2.81,3.15,0.375
221,-2.3,0.53,4.34,2.81,3.15,0.4
222,-2.3,0.53,4.34,2.81,3.15,0.425
223,-2.3,0.53,4.34,2.81,3.15,0.45
224,0.0,0.6,4.78,4.24,3.15,0.125
225,0.0,0.6,4.78,4.24,3.15,0.15
226,0.0,0.6,4.78,4.24,3.15,0.175
227,0.0,0.6,4.78,4.24,3.15,0.2
228,0.0,0.6,4.78,4.24,3.15,0.225
229,0.0,0.6,4.78,4.24,3.15,0.25
230,0.0,0.6,4.78,4.24,3.15,0.275
231,0.0,0.6,4.78,4.24,3.15,0.3
232,0.0,0.6,4.78,4.24,3.15,0.325
233,0.0,0.6,4.78,4.24,3.15,0.35
234,0.0,0.6,4.78,4.24,3.15,0.375
235,0.0,0.6,4.78,4.24,3.15,0.4
236,0.0,0.6,4.78,4.24,3.15,0.425
237,0.0,0.6,4.78,4.24,3.15,0.45
238,-5.0,0.6,4.78,4.24,3.15,0.125
239,-5.0,0.6,4.78,4.24,3.15,0.15
240,-5.0,0.6,4.78,4.24,3.15,0.175
241,-5.0,0.6,4.78,4.24,3.15,0.2
242,-5.0,0.6,4.78,4.24,3.15,0.225
243,-5.0,0.6,4.78,4.24,3.15,0.25
244,-5.0,0.6,4.78,4.24,3.15,0.275
245,-5.0,0.6,4.78,4.24,3.15,0.3
246,-5.0,0.6,4.78,4.24,3.15,0.325
247,-5.0,0.6,4.78,4.24,3.15,0.35
248,-5.0,0.6,4.78,4.24,3.15,0.375
249,-5.0,0.6,4.78,4.24,3.15,0.4
250,-5.0,0.6,4.78,4.24,3.15,0.425
251,-5.0,0.6,4.78,4.24,3.15,0.45
252,0.0,0.53,4.78,3.75,3.15,0.125
253,0.0,0.53,4.78,3.75,3.15,0.15
254,0.0,0.53,4.78,3.75,3.15,0.175
255,0.0,0.53,4.78,3.75,3.15,0.2
256,0.0,0.53,4.78,3.75,3.15,0.225
257,0.0,0.53,4.78,3.75,3.15,0.25
258,0.0,0.53,4.78,3.75,3.15,0.275
259,0.0,0.53,4.78,3.75,3.15,0.3
260,0.0,0.53,4.78,3.75,3.15,0.325
261,0.0,0.53,4.78,3.75,3.15,0.35
262,0.0,0.53,4.78,3.75,3.15,0.375
263,0.0,0.53,4.78,3.75,3.15,0.4
264,0.0,0.53,4.78,3.75,3.15,0.425
265,0.0,0.53,4.78,3.75,3.15,0.45
266,-5.0,0.53,4.78,3.75,3.15,0.125
267,-5.0,0.53,4.78,3.75,3.15,0.15
268,-5.0,0.53,4.78,3.75,3.15,0.175
269,-5.0,0.53,4.78,3.75,3.15,0.2
270,-5.0,0.53,4.78,3.75,3.15,0.225
271,-5.0,0.53,4.78,3.75,3.15,0.25
272,-5.0,0.53,4.78,3.75,3.15,0.275
273,-5.0,0.53,4.78,3.75,3.15,0.3
274,-5.0,0.53,4.78,3.75,3.15,0.325
275,-5.0,0.53,4.78,3.75,3.15,0.35
276,-5.0,0.53,4.78,3.75,3.15,0.375
277,-5.0,0.53,4.78,3.75,3.15,0.4
278,-5.0,0.53,4.78,3.75,3.15,0.425
279,-5.0,0.53,4.78,3.75,3.15,0.45
280,-2.3,0.6,5.1,4.17,3.51,0.125
281,-2.3,0.6,5.1,4.17,3.51,0.15
282,-2.3,0.6,5.1,4.17,3.51,0.175
283,-2.3,0.6,5.1,4.17,3.51,0.2
284,-2.3,0.6,5.1,4.17,3.51,0.225
285,-2.3,0.6,5.1,4.17,3.51,0.25
286,-2.3,0.6,5.1,4.17,3.51,0.275
287,-2.3,0.6,5.1,4.17,3.51,0.3
288,-2.3,0.6,5.1,4.17,3.51,0.325
289,-2.3,0.6,5.1,4.17,3.51,0.35
290,-2.3,0.6,5.1,4.17,3.51,0.375
291,-2.3,0.6,5.1,4.17,3.51,0.4
292,-2.3,0.6,5.1,4.17,3.51,0.425
293,-2.3,0.6,5.1,4.17,3.51,0.45
294,-2.3,0.6,4.34,4.23,2.73,0.125
295,-2.3,0.6,4.34,4.23,2.73,0.15
296,-2.3,0.6,4.34,4.23,2.73,0.175
297,-2.3,0.6,4.34,4.23,2.73,0.2
298,-2.3,0.6,4.34,4.23,2.73,0.225
299,-2.3,0.6,4.34,4.23,2.73,0.25
300,-2.3,0.6,4.34,4.23,2.73,0.275
301,-2.3,0.6,4.34,4.23,2.73,0.3
302,-2.3,0.6,4.34,4.23,2.73,0.325
303,-2.3,0.6,4.34,4.23,2.73,0.35
304,-2.3,0.6,4.34,4.23,2.73,0.375
305,-2.3,0.6,4.34,4.23,2.73,0.4
306,-2.3,0.6,4.34,4.23,2.73,0.425
307,-2.3,0.6,4.34,4.23,2.73,0.45
