,target
0,0.21524952
1,0.17055758
2,0.15063897
3,0.15685015
4,0.19904334
5,0.23973727
6,0.25565789
7,0.26793746
8,0.27964589
9,0.29064039
10,0.30449061
11,0.33911616
12,0.34339973
13,0.35025344
14,0.35539373
15,0.3346898
16,0.22553009
17,0.16798743
18,0.13764546
19,0.11779824
20,0.10944528
21,0.09659456
22,0.088812736
23,0.082458771
24,0.075462269
25,0.070678946
26,0.070107803
27,0.066609552
28,0.063896623
29,0.060898122
30,0.057328479
31,0.053687442
32,0.050546155
33,0.048904119
34,0.047047905
35,0.046119797
36,0.047761833
37,0.042692939
38,0.038337974
39,0.034625544
40,0.042907118
41,0.063182694
42,0.081673449
43,0.074534161
44,0.080031413
45,0.075319483
46,0.083315485
47,0.084386378
48,0.079174698
49,0.10573285
50,0.10501892
51,0.13079175
52,0.10844578
53,0.20725352
54,0.24587706
55,0.24730492
56,0.24509174
57,0.19026201
58,0.16099093
59,0.15006782
60,0.16256158
61,0.15420861
62,0.11779824
63,0.10330549
64,0.081744842
65,0.076675948
66,0.069679446
67,0.054829728
68,0.048689941
69,0.047333476
70,0.043121296
71,0.043264082
72,0.04569144
73,0.047047905
74,0.039194688
75,0.035482259
76,0.035196687
77,0.039837224
78,0.037838224
79,0.033054901
80,0.030341972
81,0.02755765
82,0.026058399
83,0.024202185
84,0.022274577
85,0.021560648
86,0.019918612
87,0.01913329
88,0.018347969
89,0.018347969
90,0.015206682
91,0.017919612
92,0.020775327
93,0.025844221
94,0.038909117
95,0.054972514
96,0.05340187
97,0.096166203
98,0.18112372
99,0.1021632
100,0.099735846
101,0.19504533
102,0.22588706
103,0.10509031
104,0.17862497
105,0.15863497
106,0.2113943
107,0.23531092
108,0.26536732
109,0.28857
110,0.28699936
111,0.19754409
112,0.13993003
113,0.15428
114,0.16163347
115,0.17526951
116,0.13171985
117,0.11901192
118,0.11886914
119,0.13107732
120,0.09238238
121,0.079745841
122,0.096451774
123,0.067751838
124,0.050617548
125,0.044549154
126,0.043049904
127,0.040765332
128,0.038837724
129,0.03898051
130,0.042121796
131,0.040551153
132,0.03848076
133,0.035982009
134,0.033483258
135,0.031341472
136,0.02855715
137,0.026201185
138,0.023416863
139,0.019918612
140,0.017062897
141,0.016420361
142,0.016420361
143,0.017277076
144,0.024487756
145,0.027843221
146,0.049689441
147,0.068894124
148,0.046905119
149,0.05340187
150,0.090954523
151,0.090311987
152,0.084386378
153,0.12158207
154,0.1312201
155,0.20247019
156,0.1051617
157,0.24980367
158,0.27029342
159,0.28864139
160,0.3056329
161,0.32319555
162,0.26636682
163,0.14792604
164,0.10680374
165,0.089312487
166,0.095380881
167,0.11529949
168,0.10287713
169,0.081887628
170,0.064253587
171,0.057542657
172,0.04419219
173,0.041764832
174,0.087027915
175,0.070464768
176,0.072535161
177,0.053901621
178,0.041407867
179,0.033840223
180,0.029699436
181,0.026129792
182,0.024630542
183,0.025701435
184,0.023702434
185,0.022631541
186,0.021774827
187,0.020346969
188,0.018776326
189,0.017491254
190,0.015706432
191,0.01342186
192,0.011208681
193,0.0096380381
194,0.010566145
195,0.010137788
196,0.016491754
197,0.026486757
198,0.014278575
199,0.0092096809
200,0.01142286
201,0.010280574
202,0.011137288
203,0.016063397
204,0.03326908
205,0.071535661
206,0.056043407
207,0.038909117
208,0.037981009
209,0.1052331
210,0.1612765
211,0.20061398
212,0.24958949
213,0.25144571
214,0.20182766
215,0.20289855
216,0.2294567
217,0.25037481
218,0.27643321
219,0.29042622
220,0.26336832
221,0.21682016
222,0.15706432
223,0.19347469
224,0.21103734
225,0.22988506
226,0.23473977
227,0.21260798
228,0.20561148
229,0.15984865
230,0.10980224
231,0.089169701
232,0.085742843
233,0.072535161
234,0.06382523
235,0.058399372
236,0.056900121
237,0.052545156
238,0.048261583
239,0.045120297
240,0.038337974
241,0.031698436
242,0.029985007
243,0.027629043
244,0.025558649
245,0.023631042
246,0.021703434
247,0.019561648
248,0.017277076
249,0.021917613
250,0.020918112
251,0.02755765
252,0.027986007
253,0.028771329
254,0.02434497
255,0.038337974
256,0.034982509
257,0.031412865
258,0.05240237
259,0.1232955
260,0.10837438
261,0.1763404
262,0.10530449
263,0.15513672
264,0.11073035
265,0.09559506
266,0.080245591
267,0.1232955
268,0.083958021
269,0.073034911
270,0.16056258
271,0.15249518
272,0.17205683
273,0.24202185
274,0.23895195
275,0.19497394
276,0.10030699
277,0.12607982
278,0.10687513
279,0.077961019
280,0.10102092
281,0.10973085
282,0.080388377
283,0.060683944
284,0.049832227
285,0.04419219
286,0.040693939
287,0.036767331
288,0.033697437
289,0.033554651
290,0.031698436
291,0.029628043
292,0.027200685
293,0.024701935
294,0.02284572
295,0.021060898
296,0.018347969
297,0.017205683
298,0.015706432
299,0.015992004
300,0.020918112
301,0.014492754
302,0.014564146
303,0.020775327
304,0.015492254
305,0.014849718
306,0.030627543
307,0.024773328
308,0.039266081
309,0.094452774
310,0.10180624
311,0.10530449
312,0.099735846
313,0.082672949
314,0.15249518
315,0.10537588
316,0.18719212
317,0.20982366
318,0.21996145
319,0.22153209
320,0.23595345
321,0.22460198
322,0.2424502
323,0.26165489
324,0.27571928
325,0.26472478
326,0.16841579
327,0.11172985
328,0.097237096
329,0.17441279
330,0.17198544
331,0.11008781
332,0.081744842
333,0.077675448
334,0.10366245
335,0.13107732
336,0.086242593
337,0.061183694
338,0.052045406
339,0.046762333
340,0.044406368
341,0.041622046
342,0.045620047
343,0.03998001
344,0.035910616
345,0.03326908
346,0.031841222
347,0.029985007
348,0.028628543
349,0.027843221
350,0.025415863
351,0.02434497
352,0.023916613
353,0.020703934
354,0.017348469
355,0.013493253
356,0.015563647
357,0.017991004
358,0.022560148
359,0.038195188
360,0.06703791
361,0.10073535
362,0.11251517
363,0.13778825
364,0.16320411
365,0.19675876
366,0.20168487
367,0.22595845
368,0.10544728
369,0.25672878
370,0.27172128
371,0.28621404
372,0.30177768
373,0.28899836
374,0.20075676
375,0.12707932
376,0.12015421
377,0.17555508
378,0.19747269
379,0.18148069
380,0.14514171
381,0.10437638
382,0.094309988
383,0.086028414
384,0.069393874
385,0.077532662
386,0.060969515
387,0.044906118
388,0.042550153
389,0.037124295
390,0.038195188
391,0.048475762
392,0.041407867
393,0.033697437
394,0.031412865
395,0.030770329
396,0.027414864
397,0.026486757
398,0.024273577
399,0.023059899
400,0.021917613
401,0.020561148
402,0.018776326
403,0.023131291
404,0.019847219
405,0.015777825
406,0.014349968
407,0.016348968
408,0.013993003
409,0.0089241094
410,0.0082101806
411,0.013064896
412,0.026129792
413,0.030413365
414,0.022488756
415,0.035196687
416,0.088812736
417,0.048689941
418,0.059041908
419,0.138288
420,0.14464196
421,0.10551867
422,0.1523524
423,0.1903334
424,0.20896695
425,0.20468337
426,0.19418862
427,0.21831941
428,0.23509674
429,0.24944671
430,0.28914114
431,0.3236239
432,0.23959449
433,0.13200543
434,0.09659456
435,0.077604055
436,0.074676947
437,0.067466267
438,0.054686942
439,0.047619048
440,0.046833726
441,0.041764832
442,0.037838224
443,0.036624545
444,0.029413864
445,0.026986507
446,0.024416363
447,0.022774327
448,0.023773827
449,0.022631541
450,0.02184622
451,0.020918112
452,0.021132291
453,0.022203184
454,0.022203184
455,0.019418862
456,0.018062397
457,0.018562147
458,0.017348469
459,0.016063397
460,0.014706932
461,0.01663454
462,0.023702434
463,0.059613051
464,0.054044406
465,0.018490755
466,0.0089955022
467,0.0094238595
468,0.009138288
469,0.029128293
470,0.049261084
471,0.073963018
472,0.042764332
473,0.041336475
474,0.10559006
475,0.10094953
476,0.14007282
477,0.13593203
478,0.12943528
479,0.12308132
480,0.20175626
481,0.2314557
482,0.24195045
483,0.25537231
484,0.25822803
485,0.24937531
486,0.25915614
487,0.28550011
488,0.30913115
489,0.25365888
490,0.15106732
491,0.11272935
492,0.093310488
493,0.07624759
494,0.07003641
495,0.061469265
496,0.05290212
497,0.051117298
498,0.04519169
499,0.042550153
500,0.038623545
501,0.037409866
502,0.035625045
503,0.033197687
504,0.031555651
505,0.031270079
506,0.030341972
507,0.0290569
508,0.026629542
509,0.020632541
510,0.017562647
511,0.015777825
512,0.013850218
513,0.013993003
514,0.013207682
515,0.019490255
516,0.021203684
517,0.014492754
518,0.015278075
519,0.02334547
520,0.070179196
521,0.086313986
522,0.1783394
523,0.20332691
524,0.19990005
525,0.12579425
526,0.077104305
527,0.10566145
528,0.17669737
529,0.22395945
530,0.23181267
531,0.20711073
532,0.22338831
533,0.23552509
534,0.20689655
535,0.12215321
536,0.10273435
537,0.16648818
538,0.25108874
539,0.21632041
540,0.20389805
541,0.18676376
542,0.21132291
543,0.26036982
544,0.27821803
545,0.18719212
546,0.11130149
547,0.085028914
548,0.066680945
549,0.061397872
550,0.058042407
551,0.055829228
552,0.053473263
553,0.048547155
554,0.048118798
555,0.045120297
556,0.042692939
557,0.046548154
558,0.04519169
559,0.045263083
560,0.038195188
561,0.032983508
562,0.029770829
563,0.024701935
564,0.02234597
565,0.021917613
566,0.026843721
567,0.025701435
568,0.023059899
569,0.027343471
570,0.030341972
571,0.065181695
572,0.053830228
573,0.044477761
574,0.071178696
575,0.068608553
576,0.041764832
577,0.048904119
578,0.13850218
579,0.098950525
580,0.10573285
581,0.13650318
582,0.18826301
583,0.21375027
584,0.23916613
585,0.25644321
586,0.2525166
587,0.18062397
588,0.12443778
589,0.18626401
590,0.25280217
591,0.27214964
592,0.28292996
593,0.28228743
594,0.1934033
595,0.12815021
596,0.10865996
597,0.1032341
598,0.13893053
599,0.10102092
600,0.076390376
601,0.067966017
602,0.061683444
603,0.056900121
604,0.053830228
605,0.049046905
606,0.046762333
607,0.044549154
608,0.041550653
609,0.040122796
610,0.036981509
611,0.036053402
612,0.033983008
613,0.030913115
614,0.028842721
615,0.027343471
616,0.024773328
617,0.02334547
618,0.024202185
619,0.030484758
620,0.034625544
621,0.049832227
622,0.045977011
623,0.041550653
624,0.039337474
625,0.043549654
626,0.11194403
627,0.096808738
628,0.16356108
629,0.21153709
630,0.23509674
631,0.26929392
632,0.28906975
633,0.10580424
634,0.22353109
635,0.22460198
636,0.23559649
637,0.24673378
638,0.2995645
639,0.38145213
640,0.49746555
641,0.54365674
642,0.53066324
643,0.48839866
644,0.41022346
645,0.33754551
646,0.31826944
647,0.31084458
648,0.27407725
649,0.21760548
650,0.16527451
651,0.14792604
652,0.13136289
653,0.1162276
654,0.10087813
655,0.092453773
656,0.084814735
657,0.079388877
658,0.074034411
659,0.071892625
660,0.06903691
661,0.064896123
662,0.060398372
663,0.056471764
664,0.053259085
665,0.051117298
666,0.048261583
667,0.04669094
668,0.045477261
669,0.039694438
670,0.036695938
671,0.034125794
672,0.032055401
673,0.032840722
674,0.033197687
675,0.041622046
676,0.054972514
677,0.062540158
678,0.065395873
679,0.084386378
680,0.1001642
681,0.14271436
682,0.24473478
683,0.26343971
684,0.26643821
685,0.24930392
686,0.10587563
687,0.29835082
688,0.3206254
689,0.34554151
690,0.37309916
691,0.27828943
692,0.21553509
693,0.21410723
694,0.25423003
695,0.26493896
696,0.26158349
697,0.2114657
698,0.19447419
699,0.16156208
700,0.20875277
701,0.19404583
702,0.138288
703,0.12665096
704,0.14578425
705,0.12607982
706,0.091668451
707,0.079031913
708,0.073034911
709,0.068822731
710,0.065110302
711,0.062040408
712,0.058470765
713,0.055043907
714,0.05190262
715,0.049832227
716,0.046905119
717,0.045120297
718,0.043121296
719,0.039908617
720,0.03848076
721,0.036481759
722,0.034482759
723,0.031841222
724,0.029913615
725,0.027843221
726,0.024059399
727,0.021060898
728,0.019418862
729,0.019347469
730,0.038909117
731,0.065467266
732,0.082744342
733,0.059970015
734,0.059755836
735,0.14221461
736,0.15306632
737,0.24394945
738,0.26279717
739,0.10594703
740,0.25087456
741,0.2915685
742,0.30506175
743,0.31312915
744,0.31826944
745,0.32755051
746,0.34582709
747,0.36353252
748,0.38545013
749,0.40872421
750,0.42757193
751,0.41957593
752,0.38730635
753,0.37345613
754,0.37524095
755,0.37095738
756,0.38123795
757,0.44420647
758,0.51017348
759,0.57185693
760,0.54943957
761,0.3898051
762,0.23966588
763,0.18519312
764,0.15963447
765,0.14414221
766,0.12772185
767,0.12086814
768,0.11087313
769,0.10209181
770,0.097308489
771,0.092025416
772,0.086028414
773,0.081245092
774,0.076176198
775,0.070464768
776,0.066323981
777,0.06232598
778,0.060398372
779,0.061183694
780,0.061183694
781,0.068108803
782,0.12950668
783,0.11779824
784,0.093096309
785,0.13521811
786,0.20289855
787,0.21532091
788,0.21632041
789,0.25829942
790,0.27293496
791,0.28078818
792,0.10601842
793,0.28007425
794,0.29478118
795,0.31377169
796,0.35103877
797,0.51338616
798,0.65295923
799,0.61969015
800,0.48689941
801,0.28628543
802,0.20411223
803,0.17883915
804,0.19961448
805,0.23324052
806,0.27471978
807,0.27907475
808,0.27493396
809,0.26436782
810,0.21032341
811,0.16463197
812,0.14999643
813,0.13307632
814,0.12350967
815,0.11215821
816,0.1051617
817,0.09659456
818,0.090526165
819,0.087956022
820,0.082672949
821,0.080102806
822,0.076318983
823,0.075819233
824,0.070750339
825,0.066680945
826,0.063111301
827,0.059256086
828,0.055686442
829,0.052330977
830,0.051831227
831,0.055972014
832,0.046548154
833,0.053830228
834,0.068751339
835,0.050117798
836,0.04569144
837,0.052473763
838,0.051188691
839,0.14464196
840,0.12772185
841,0.13814521
842,0.24666238
843,0.24109374
844,0.15378025
845,0.10608981
846,0.082530163
847,0.15877775
848,0.22088956
849,0.17976726
850,0.15035339
851,0.2264582
852,0.25223103
853,0.23424002
854,0.18797744
855,0.21332191
856,0.22481616
857,0.23466838
858,0.26586707
859,0.32776469
860,0.34018705
861,0.36146213
862,0.37995288
863,0.36481759
864,0.23488256
865,0.16563147
866,0.13500393
867,0.11815521
868,0.10559006
869,0.097165703
870,0.089455272
871,0.083886628
872,0.080602556
873,0.078175198
874,0.073034911
875,0.070893125
876,0.067894624
877,0.062468766
878,0.058327979
879,0.054401371
880,0.050688941
881,0.050760334
882,0.063396873
883,0.065324481
884,0.056685943
885,0.044977511
886,0.039123295
887,0.036838723
888,0.046976512
889,0.06332548
890,0.12500892
891,0.17912472
892,0.20332691
893,0.14342829
894,0.11829799
895,0.18119512
896,0.24937531
897,0.26772328
898,0.10616121
899,0.29678018
900,0.31227244
901,0.32976369
902,0.33526094
903,0.3136289
904,0.2244592
905,0.15278075
906,0.14999643
907,0.25365888
908,0.29142572
909,0.27493396
910,0.26693796
911,0.27514814
912,0.24830442
913,0.22474477
914,0.17555508
915,0.13450418
916,0.11265796
917,0.098664953
918,0.088741344
919,0.081245092
920,0.080174199
921,0.079603056
922,0.077175698
923,0.077746841
924,0.070678946
925,0.067680445
926,0.063539659
927,0.060826729
928,0.058185193
929,0.055900621
930,0.053259085
931,0.050831727
932,0.046333976
933,0.044049404
934,0.042264582
935,0.041050903
936,0.039408867
937,0.041550653
938,0.041907618
939,0.035625045
940,0.037338474
941,0.063039909
942,0.068608553
943,0.035410866
944,0.020989505
945,0.022274577
946,0.1011637
947,0.19183266
948,0.23067038
949,0.27629043
950,0.30648961
951,0.1062326
952,0.33133433
953,0.35724995
954,0.38966231
955,0.43906618
956,0.47105019
957,0.44599129
958,0.41172271
959,0.40044264
960,0.5030342
961,0.7224245
962,0.82301706
963,0.74712644
964,0.65367316
965,0.57178554
966,0.38088099
967,0.29799386
968,0.27643321
969,0.18990505
970,0.16049118
971,0.14599843
972,0.15378025
973,0.13279075
974,0.11529949
975,0.10873135
976,0.1021632
977,0.09809381
978,0.095023917
979,0.088098808
980,0.084386378
981,0.07946027
982,0.076604555
983,0.073391875
984,0.06903691
985,0.065395873
986,0.061969015
987,0.060112801
988,0.056471764
989,0.053187692
990,0.050331977
991,0.045263083
992,0.042407368
993,0.040622546
994,0.050331977
995,0.092953523
996,0.14278575
997,0.15549368
998,0.13935889
999,0.14092954
1000,0.10551867
1001,0.11158706
1002,0.10915971
1003,0.14464196
1004,0.10630399
1005,0.25565789
1006,0.26686657
1007,0.20318412
1008,0.15456557
1009,0.16870136
1010,0.22260298
1011,0.22724352
1012,0.22417363
1013,0.17848219
1014,0.14557007
1015,0.11544228
1016,0.088027415
1017,0.12172485
1018,0.20696794
1019,0.20475477
1020,0.14164346
1021,0.12550867
1022,0.1612765
1023,0.12029699
1024,0.098022417
1025,0.079817234
1026,0.069679446
1027,0.063968016
1028,0.060255586
1029,0.056828728
1030,0.055043907
1031,0.055186692
1032,0.051688441
1033,0.050331977
1034,0.047976012
1035,0.04669094
1036,0.04419219
1037,0.041550653
1038,0.03948026
1039,0.033983008
1040,0.0300564
1041,0.028342971
1042,0.027414864
1043,0.025558649
1044,0.029485257
1045,0.034911116
1046,0.043906618
1047,0.052545156
1048,0.035982009
1049,0.047119297
1050,0.078817734
1051,0.1002356
1052,0.15313772
1053,0.19997144
1054,0.19197544
1055,0.17991004
1056,0.1844078
1057,0.10637538
1058,0.24280717
1059,0.19290355
1060,0.13429
1061,0.17562647
1062,0.15599343
1063,0.20389805
1064,0.17062897
1065,0.14778325
1066,0.19276076
1067,0.2013993
1068,0.19604483
1069,0.17412722
1070,0.1412865
1071,0.18226601
1072,0.2384522
1073,0.25258799
1074,0.19433141
1075,0.11537089
1076,0.079031913
1077,0.064182195
1078,0.055757835
1079,0.059256086
1080,0.065967016
1081,0.059470265
1082,0.053973013
1083,0.049261084
1084,0.047262083
1085,0.043978011
1086,0.040836724
1087,0.037838224
1088,0.037695438
1089,0.035410866
1090,0.033340473
1091,0.031412865
1092,0.029985007
1093,0.028485757
1094,0.026558149
1095,0.024416363
1096,0.022203184
1097,0.020346969
1098,0.019847219
1099,0.022274577
1100,0.022702934
1101,0.019704433
1102,0.017848219
1103,0.017205683
1104,0.011280074
1105,0.010280574
1106,0.016206183
1107,0.052045406
1108,0.063111301
1109,0.094167202
1110,0.10644678
1111,0.12215321
1112,0.17776826
1113,0.17291354
1114,0.12093953
1115,0.14464196
1116,0.18726351
1117,0.19690155
1118,0.21353609
1119,0.21018062
1120,0.19333191
1121,0.19233241
1122,0.21160848
1123,0.23324052
1124,0.29628043
1125,0.31969729
1126,0.34761191
1127,0.30470479
1128,0.20268437
1129,0.15499393
1130,0.11801242
1131,0.093524666
1132,0.081316485
1133,0.07624759
1134,0.06803741
1135,0.060826729
1136,0.060541158
1137,0.058542157
1138,0.052830727
1139,0.046976512
1140,0.044120797
1141,0.040408367
1142,0.037338474
1143,0.03376883
1144,0.030913115
1145,0.028699936
1146,0.025558649
1147,0.022417363
1148,0.024130792
1149,0.037481259
1150,0.028914114
1151,0.034625544
1152,0.021632041
1153,0.019061898
1154,0.024059399
1155,0.022131791
1156,0.045048904
1157,0.10509031
1158,0.11729849
1159,0.097736846
1160,0.1132291
1161,0.19433141
1162,0.23823802
1163,0.10651817
1164,0.26272578
1165,0.24173627
1166,0.1543514
1167,0.10366245
1168,0.059470265
1169,0.043692439
1170,0.067109302
1171,0.081030913
1172,0.087527665
1173,0.10744628
1174,0.14642679
1175,0.086742343
1176,0.13236239
1177,0.21617763
1178,0.20468337
1179,0.14992504
1180,0.15870636
1181,0.091811237
1182,0.080388377
1183,0.057899622
1184,0.050189191
1185,0.044406368
1186,0.042121796
1187,0.038266581
1188,0.03526808
1189,0.032340972
1190,0.033483258
1191,0.029770829
1192,0.028271578
1193,0.027200685
1194,0.026343971
1195,0.025130292
1196,0.023131291
1197,0.02134647
1198,0.019633041
1199,0.017991004
1200,0.016348968
1201,0.015206682
1202,0.015063897
1203,0.025201685
1204,0.034411366
1205,0.027486257
1206,0.043335475
1207,0.0561148
1208,0.048404369
1209,0.023702434
1210,0.033697437
1211,0.053259085
1212,0.13486114
1213,0.09559506
1214,0.13243378
1215,0.20011423
1216,0.10658956
1217,0.26858
1218,0.28100236
1219,0.25066038
1220,0.15649318
1221,0.093167702
1222,0.081530663
1223,0.11237239
1224,0.16905833
1225,0.19683016
1226,0.19518812
1227,0.10694653
1228,0.075033912
1229,0.07624759
1230,0.087027915
1231,0.13457557
1232,0.15049618
1233,0.084243592
1234,0.04990362
1235,0.04097951
1236,0.037624045
1237,0.043335475
1238,0.045977011
1239,0.038409367
1240,0.034982509
1241,0.031912615
1242,0.027700435
1243,0.026986507
1244,0.025201685
1245,0.023416863
1246,0.021632041
1247,0.020918112
1248,0.020489755
1249,0.018990505
1250,0.014921111
1251,0.013136289
1252,0.011779824
1253,0.0099950025
1254,0.0089955022
1255,0.006853716
1256,0.0064967516
1257,0.0064967516
1258,0.0052830727
1259,0.0038552152
1260,0.00035696437
1261,0.0037124295
1262,0.010066395
1263,0.015849218
1264,0.043763832
1265,0.17177126
1266,0.19318912
1267,0.20054259
1268,0.22731491
1269,0.10666096
1270,0.1042336
1271,0.061469265
1272,0.088241593
1273,0.07574784
1274,0.13036339
1275,0.24723353
1276,0.25265938
1277,0.16727351
1278,0.083672449
1279,0.066109802
1280,0.13164846
1281,0.082387378
1282,0.053187692
1283,0.069322482
1284,0.076533162
1285,0.19083315
1286,0.13343328
1287,0.071821232
1288,0.047047905
1289,0.034696937
1290,0.029628043
1291,0.028200186
1292,0.030698936
1293,0.031484258
1294,0.027486257
1295,0.025630042
1296,0.022131791
1297,0.020132791
1298,0.018990505
1299,0.017491254
1300,0.017277076
1301,0.015706432
1302,0.014135789
1303,0.013136289
1304,0.011280074
1305,0.010066395
1306,0.0084957521
1307,0.0073534661
1308,0.005140287
1309,0.00042835725
1310,0.0
1311,0.00049975012
1312,0.0040693939
1313,0.037624045
1314,0.076033412
1315,0.090811737
1316,0.10844578
1317,0.085957021
1318,0.12029699
1319,0.094952524
1320,0.17005783
1321,0.18676376
1322,0.10673235
1323,0.24087956
1324,0.26558149
1325,0.28442921
1326,0.28978368
1327,0.16391804
1328,0.080816734
1329,0.056328978
1330,0.043335475
1331,0.1052331
1332,0.20646819
1333,0.25094596
1334,0.28621404
1335,0.24894696
1336,0.15270936
1337,0.10766046
1338,0.075390876
1339,0.060755337
1340,0.060469765
1341,0.059041908
1342,0.059827229
1343,0.073891626
1344,0.071892625
1345,0.054472764
1346,0.057971014
1347,0.052188192
1348,0.060683944
1349,0.056828728
1350,0.039194688
1351,0.033911616
1352,0.032340972
1353,0.031127293
1354,0.02855715
1355,0.02755765
1356,0.026201185
1357,0.02284572
1358,0.018704933
1359,0.019418862
1360,0.016920111
1361,0.013136289
1362,0.015063897
1363,0.01142286
1364,0.014064396
1365,0.013921611
1366,0.018776326
1367,0.020846719
1368,0.034625544
1369,0.082815735
1370,0.11337189
1371,0.13264796
1372,0.21382166
1373,0.16677376
1374,0.21674877
1375,0.10680374
1376,0.26022703
1377,0.28921254
1378,0.31355751
1379,0.32605126
1380,0.35418005
1381,0.38416506
1382,0.40222746
1383,0.39644463
1384,0.35539373
1385,0.34589848
1386,0.3837367
1387,0.39173271
1388,0.40144214
1389,0.42028986
1390,0.4399229
1391,0.45006068
1392,0.45348754
1393,0.44256443
1394,0.40958092
1395,0.27007925
1396,0.20011423
1397,0.1904048
1398,0.14649818
1399,0.12272435
1400,0.11030199
1401,0.10230599
1402,0.094809738
1403,0.088669951
1404,0.083529664
1405,0.078317984
1406,0.072606554
1407,0.067894624
1408,0.063182694
1409,0.057971014
1410,0.053687442
1411,0.049118298
1412,0.045263083
1413,0.044120797
1414,0.042835725
1415,0.045477261
1416,0.063396873
1417,0.075390876
1418,0.050688941
1419,0.031984008
1420,0.024701935
1421,0.027771828
1422,0.043192689
1423,0.083244092
1424,0.18490755
1425,0.1844078
1426,0.22510173
1427,0.25258799
1428,0.10687513
1429,0.22895695
1430,0.18376526
1431,0.10351967
1432,0.095166702
1433,0.18248019
1434,0.27950311
1435,0.29777968
1436,0.29842222
1437,0.26565289
1438,0.1673449
1439,0.15549368
1440,0.13079175
1441,0.11529949
1442,0.19647319
1443,0.16049118
1444,0.12443778
1445,0.11208681
1446,0.17120011
1447,0.12650817
1448,0.089026915
1449,0.079246091
1450,0.073463268
1451,0.06803741
1452,0.074605554
1453,0.062040408
1454,0.055472264
1455,0.051260084
1456,0.048547155
1457,0.046119797
1458,0.04619119
1459,0.066823731
1460,0.063039909
1461,0.047619048
1462,0.040765332
1463,0.036838723
1464,0.031412865
1465,0.029413864
1466,0.027200685
1467,0.038623545
1468,0.055043907
1469,0.041764832
1470,0.041265082
1471,0.069251089
1472,0.079603056
1473,0.066181195
1474,0.092168202
1475,0.081530663
1476,0.046762333
1477,0.030770329
1478,0.06853716
1479,0.055543657
1480,0.1102306
1481,0.10694653
1482,0.1282216
1483,0.1824088
1484,0.19968587
1485,0.19547369
1486,0.18754908
1487,0.23338331
1488,0.19690155
1489,0.12379525
1490,0.10537588
1491,0.07996002
1492,0.15813522
1493,0.24266438
1494,0.21881916
1495,0.15592204
1496,0.14171486
1497,0.095309488
1498,0.065681445
1499,0.054044406
1500,0.045620047
1501,0.040194189
1502,0.037338474
1503,0.035482259
1504,0.036338973
1505,0.033983008
1506,0.032697937
1507,0.032626544
1508,0.030627543
1509,0.029199686
1510,0.026700935
1511,0.025915614
1512,0.02434497
1513,0.023416863
1514,0.02184622
1515,0.020561148
1516,0.019061898
1517,0.017848219
1518,0.017562647
1519,0.016206183
1520,0.014992504
1521,0.011637039
1522,0.013493253
1523,0.014921111
1524,0.016777326
1525,0.034339973
1526,0.046476762
1527,0.069108303
1528,0.057542657
1529,0.065895624
1530,0.1633469
1531,0.12508032
1532,0.083172699
1533,0.12972085
1534,0.10701792
1535,0.081673449
1536,0.14985364
1537,0.16962947
1538,0.13586064
1539,0.21710573
1540,0.26779467
1541,0.29206825
1542,0.30991647
1543,0.30784608
1544,0.28271578
1545,0.28864139
1546,0.30827443
1547,0.35382309
1548,0.37338474
1549,0.37938174
1550,0.34004426
1551,0.22367388
1552,0.15256657
1553,0.11915471
1554,0.098879132
1555,0.08988363
1556,0.09659456
1557,0.081530663
1558,0.070250589
1559,0.062397373
1560,0.057899622
1561,0.054544156
1562,0.051045906
1563,0.048190191
1564,0.045263083
1565,0.041836225
1566,0.038623545
1567,0.035339473
1568,0.033126294
1569,0.032126794
1570,0.0300564
1571,0.026772328
1572,0.023559649
1573,0.022702934
1574,0.019276076
1575,0.017848219
1576,0.02134647
1577,0.024987506
1578,0.012636539
1579,0.0089955022
1580,0.018919112
1581,0.022702934
1582,0.047904619
1583,0.12236739
1584,0.21689155
1585,0.24594845
1586,0.24337831
1587,0.10708931
1588,0.21682016
1589,0.20675377
1590,0.21867638
1591,0.2454487
1592,0.25230242
1593,0.25508674
1594,0.26393946
1595,0.26793746
1596,0.25430142
1597,0.24723353
1598,0.23495395
1599,0.22581566
1600,0.20254159
1601,0.16748768
1602,0.13164846
1603,0.11315771
1604,0.09759406
1605,0.089383879
1606,0.092596559
1607,0.091525666
1608,0.080031413
1609,0.068965517
1610,0.061897623
1611,0.055472264
1612,0.049046905
1613,0.043264082
1614,0.04097951
1615,0.038694938
1616,0.035625045
1617,0.032412365
1618,0.032555151
1619,0.030841722
1620,0.027629043
1621,0.02755765
1622,0.025058899
1623,0.021632041
1624,0.02134647
1625,0.018919112
1626,0.016848718
1627,0.015777825
1628,0.015420861
1629,0.014706932
1630,0.016491754
1631,0.019775826
1632,0.01563504
1633,0.020204184
1634,0.023202684
1635,0.031841222
1636,0.026915114
1637,0.022060398
1638,0.042478761
1639,0.089169701
1640,0.10716071
1641,0.065038909
1642,0.088598558
1643,0.12336689
1644,0.14942529
1645,0.16477476
1646,0.17969587
1647,0.19790105
1648,0.19654458
1649,0.17976726
1650,0.13450418
1651,0.087599058
1652,0.094024416
1653,0.13864496
1654,0.1533519
1655,0.10252017
1656,0.077889627
1657,0.066680945
1658,0.073677447
1659,0.082173199
1660,0.086742343
1661,0.073320483
1662,0.065110302
1663,0.061897623
1664,0.058827729
1665,0.055400871
1666,0.054686942
1667,0.056186193
1668,0.0581138
1669,0.055900621
1670,0.053830228
1671,0.04990362
1672,0.042407368
1673,0.021060898
1674,0.015920611
1675,0.012493753
1676,0.0087813236
1677,0.0087099307
1678,0.015492254
1679,0.014492754
1680,0.015206682
1681,0.021417862
1682,0.026343971
1683,0.032126794
1684,0.042835725
1685,0.026415364
1686,0.075605055
1687,0.089098308
1688,0.067894624
1689,0.033626044
1690,0.051260084
1691,0.126294
1692,0.18183765
1693,0.1072321
1694,0.22124652
1695,0.23659599
1696,0.2484472
1697,0.26415364
1698,0.32269579
1699,0.38844863
1700,0.37731134
1701,0.28507175
1702,0.26722353
1703,0.21796245
1704,0.14064396
1705,0.10887413
1706,0.081816235
1707,0.06332548
1708,0.054187192
1709,0.049618048
1710,0.053473263
1711,0.056900121
1712,0.048761334
1713,0.044120797
1714,0.040765332
1715,0.03576783
1716,0.030341972
1717,0.030341972
1718,0.030341972
1719,0.028771329
1720,0.024559149
1721,0.024059399
1722,0.024701935
1723,0.025558649
1724,0.021560648
1725,0.019561648
1726,0.018419362
1727,0.017348469
1728,0.015920611
1729,0.012993503
1730,0.012565146
1731,0.012136789
1732,0.011994003
1733,0.0071392875
1734,0.00571143
1735,0.0061397872
1736,0.0060683944
1737,0.0094238595
1738,0.012208182
1739,0.016348968
1740,0.023416863
1741,0.037838224
1742,0.035982009
1743,0.02184622
1744,0.019276076
1745,0.046262583
1746,0.10730349
1747,0.11858357
1748,0.10180624
1749,0.1432855
1750,0.25837081
1751,0.33811666
1752,0.38766331
1753,0.43264082
1754,0.44013707
1755,0.39787249
1756,0.36453202
1757,0.28857
1758,0.16855858
1759,0.13486114
1760,0.12408082
1761,0.12315271
1762,0.13850218
1763,0.08667095
1764,0.060541158
1765,0.056543157
1766,0.065253088
1767,0.055400871
1768,0.04569144
1769,0.037409866
1770,0.03376883
1771,0.032055401
1772,0.030698936
1773,0.025273078
1774,0.024701935
1775,0.022274577
1776,0.022631541
1777,0.022417363
1778,0.023416863
1779,0.020346969
1780,0.018276576
1781,0.015920611
1782,0.011494253
1783,0.010637538
1784,0.0097808239
1785,0.0096380381
1786,0.0015706432
1787,0.0017848219
1788,0.0064253587
1789,0.021560648
1790,0.053187692
1791,0.11165846
1792,0.13693153
1793,0.1864068
1794,0.16591704
1795,0.19218962
1796,0.17441279
1797,0.23038481
1798,0.23166988
1799,0.10737488
1800,0.19190405
1801,0.22160348
1802,0.24287856
1803,0.24173627
1804,0.17869637
1805,0.19390305
1806,0.19868637
1807,0.19782966
1808,0.17427001
1809,0.19347469
1810,0.20411223
1811,0.21217962
1812,0.22981366
1813,0.2735061
1814,0.28128793
1815,0.28150211
1816,0.21689155
1817,0.14878275
1818,0.11936889
1819,0.10630399
1820,0.0861712
1821,0.072963518
1822,0.063539659
1823,0.0561148
1824,0.054044406
1825,0.052116799
1826,0.04719069
1827,0.047976012
1828,0.043264082
1829,0.043406868
1830,0.038552152
1831,0.035482259
1832,0.03326908
1833,0.030270579
1834,0.0280574
1835,0.023202684
1836,0.021774827
1837,0.019918612
1838,0.017991004
1839,0.023773827
1840,0.030984508
1841,0.051188691
1842,0.051117298
1843,0.07324909
1844,0.084029414
1845,0.130292
1846,0.10559006
1847,0.14421361
1848,0.2033983
1849,0.21332191
1850,0.20054259
1851,0.1613479
1852,0.10744628
1853,0.094024416
1854,0.088812736
1855,0.14699793
1856,0.20846719
1857,0.24573428
1858,0.27479118
1859,0.28749911
1860,0.29413864
1861,0.32076819
1862,0.35053902
1863,0.3296923
1864,0.27586207
1865,0.28078818
1866,0.22909974
1867,0.20104234
1868,0.21353609
1869,0.17669737
1870,0.12015421
1871,0.11608481
1872,0.096880131
1873,0.086885129
1874,0.081030913
1875,0.075319483
1876,0.06903691
1877,0.064182195
1878,0.058827729
1879,0.049189691
1880,0.047119297
1881,0.045048904
1882,0.047047905
1883,0.044477761
1884,0.040908117
1885,0.03998001
1886,0.038766331
1887,0.03276933
1888,0.025915614
1889,0.025701435
1890,0.025130292
1891,0.021989005
1892,0.026558149
1893,0.033840223
1894,0.037124295
1895,0.043406868
1896,0.056685943
1897,0.066609552
1898,0.063611052
1899,0.063111301
1900,0.072463768
1901,0.087884629
1902,0.090454773
1903,0.073963018
1904,0.078246591
1905,0.10751767
1906,0.18076676
1907,0.2404512
1908,0.2153923
1909,0.16298993
1910,0.16984365
1911,0.16677376
1912,0.17327051
1913,0.15863497
1914,0.19418862
1915,0.19890055
1916,0.12879275
1917,0.1011637
1918,0.11715571
1919,0.18397944
1920,0.16541729
1921,0.12379525
1922,0.11886914
1923,0.13764546
1924,0.11073035
1925,0.081173699
1926,0.067894624
1927,0.05561505
1928,0.04669094
1929,0.044763333
1930,0.043264082
1931,0.041764832
1932,0.041550653
1933,0.04147926
1934,0.039051903
1935,0.037981009
1936,0.040194189
1937,0.041336475
1938,0.039908617
1939,0.040336974
1940,0.039194688
1941,0.036196188
1942,0.034625544
1943,0.033626044
1944,0.03326908
1945,0.030270579
1946,0.030913115
1947,0.031841222
1948,0.030270579
1949,0.028914114
1950,0.034554151
1951,0.053544656
1952,0.06703791
1953,0.093024916
1954,0.14913972
1955,0.18469337
1956,0.13778825
1957,0.19019062
1958,0.10758906
1959,0.24380667
1960,0.28100236
1961,0.30270579
1962,0.31577069
1963,0.27464839
1964,0.17412722
1965,0.15563647
1966,0.17669737
1967,0.22267438
1968,0.30006425
1969,0.33626044
1970,0.36438923
1971,0.3858071
1972,0.38337974
1973,0.26893696
1974,0.22160348
1975,0.18426501
1976,0.12500892
1977,0.10330549
1978,0.09038338
1979,0.081887628
1980,0.066466767
1981,0.061112301
1982,0.058756336
1983,0.057185693
1984,0.054686942
1985,0.048261583
1986,0.04719069
1987,0.045977011
1988,0.044763333
1989,0.041550653
1990,0.039765831
1991,0.039051903
1992,0.038766331
1993,0.037552652
1994,0.033697437
1995,0.03276933
1996,0.041336475
1997,0.034197187
1998,0.0290569
1999,0.02955665
2000,0.033054901
2001,0.037409866
2002,0.072106804
2003,0.060326979
2004,0.04419219
2005,0.051545656
2006,0.11994003
2007,0.1854073
2008,0.19090455
2009,0.25230242
2010,0.24837581
2011,0.10766046
2012,0.1663454
2013,0.12465196
2014,0.096951524
2015,0.080388377
2016,0.13607482
2017,0.2193903
2018,0.18704933
2019,0.158278
2020,0.16870136
2021,0.19168987
2022,0.16970086
2023,0.21474977
2024,0.19747269
2025,0.13971586
2026,0.10573285
2027,0.083386878
2028,0.07474834
2029,0.060612551
2030,0.063111301
2031,0.072963518
2032,0.062468766
2033,0.04669094
2034,0.036981509
2035,0.034054401
2036,0.032126794
2037,0.034696937
2038,0.029413864
2039,0.031412865
2040,0.032340972
2041,0.031984008
2042,0.029271079
2043,0.0280574
2044,0.026629542
2045,0.024416363
2046,0.020703934
2047,0.016420361
2048,0.015349468
2049,0.014778325
2050,0.013707432
2051,0.015349468
2052,0.014849718
2053,0.015849218
2054,0.019061898
2055,0.035982009
2056,0.054401371
2057,0.072820732
2058,0.09238238
2059,0.18676376
2060,0.18376526
2061,0.18469337
2062,0.25837081
2063,0.27843221
2064,0.10773185
2065,0.28071678
2066,0.30549011
2067,0.30391947
2068,0.29727993
2069,0.3146284
2070,0.33440423
2071,0.35589348
2072,0.36902977
2073,0.30977368
2074,0.2765046
2075,0.26044121
2076,0.23352609
2077,0.17191404
2078,0.12215321
2079,0.1022346
2080,0.099307489
2081,0.12408082
2082,0.10409081
2083,0.081887628
2084,0.07053616
2085,0.06432498
2086,0.056828728
2087,0.049832227
2088,0.048190191
2089,0.046548154
2090,0.042550153
2091,0.030841722
2092,0.031412865
2093,0.032198187
2094,0.030770329
2095,0.025201685
2096,0.02234597
2097,0.022060398
2098,0.024273577
2099,0.0290569
2100,0.034197187
2101,0.032126794
2102,0.035053902
2103,0.035482259
2104,0.043192689
2105,0.047904619
2106,0.073677447
2107,0.069465267
2108,0.072320982
2109,0.12715071
2110,0.12807882
2111,0.1623474
2112,0.17783965
2113,0.13636039
2114,0.1282216
2115,0.12779325
2116,0.10487613
2117,0.10780324
2118,0.098236596
2119,0.063682444
2120,0.052259584
2121,0.055472264
2122,0.075676447
2123,0.055829228
2124,0.048832726
2125,0.051331477
2126,0.060541158
2127,0.060041408
2128,0.061183694
2129,0.090668951
2130,0.065752838
2131,0.054615549
2132,0.048118798
2133,0.046119797
2134,0.051331477
2135,0.045548654
2136,0.044977511
2137,0.033911616
2138,0.025558649
2139,0.02484472
2140,0.026700935
2141,0.027129292
2142,0.023416863
2143,0.020418362
2144,0.021703434
2145,0.022203184
2146,0.021560648
2147,0.019847219
2148,0.014778325
2149,0.013350468
2150,0.013136289
2151,0.012565146
2152,0.012993503
2153,0.012993503
2154,0.0096380381
2155,0.0067823231
2156,0.0032126794
2157,0.014207182
2158,0.014921111
2159,0.034339973
2160,0.051045906
2161,0.057685443
2162,0.041836225
2163,0.093738845
2164,0.11815521
2165,0.18062397
2166,0.29413864
2167,0.31705576
2168,0.32726494
2169,0.33040623
2170,0.10787463
2171,0.31377169
2172,0.30306275
2173,0.19468837
2174,0.11786964
2175,0.092739345
2176,0.11330049
2177,0.10287713
2178,0.10673235
2179,0.096308988
2180,0.11501392
2181,0.17691154
2182,0.16406083
2183,0.12101092
2184,0.11130149
2185,0.098450775
2186,0.11529949
2187,0.13893053
2188,0.1002356
2189,0.052973513
2190,0.042264582
2191,0.037695438
2192,0.034482759
2193,0.033340473
2194,0.033340473
2195,0.028628543
2196,0.026415364
2197,0.025987006
2198,0.025844221
2199,0.022774327
2200,0.026772328
2201,0.028414364
2202,0.021489255
2203,0.019061898
2204,0.017562647
2205,0.014421361
2206,0.0080673949
2207,0.01092311
2208,0.010708931
2209,0.011994003
2210,0.018276576
2211,0.01913329
2212,0.033340473
2213,0.052545156
2214,0.050760334
2215,0.027129292
2216,0.025915614
2217,0.051045906
2218,0.10958806
2219,0.19426001
2220,0.20247019
2221,0.14799743
2222,0.15385165
2223,0.10794603
2224,0.19825801
2225,0.23959449
2226,0.25030342
2227,0.18719212
2228,0.15470836
2229,0.13514671
2230,0.13985864
2231,0.14564146
2232,0.11965446
2233,0.0871707
2234,0.079388877
2235,0.12372385
2236,0.19347469
2237,0.19168987
2238,0.24466338
2239,0.24794745
2240,0.16891554
2241,0.097522667
2242,0.069750839
2243,0.055258085
2244,0.048332976
2245,0.049760834
2246,0.04619119
2247,0.043406868
2248,0.040265581
2249,0.037695438
2250,0.033983008
2251,0.033197687
2252,0.036553152
2253,0.03426858
2254,0.02334547
2255,0.019990005
2256,0.019347469
2257,0.017705433
2258,0.016991504
2259,0.012565146
2260,0.014992504
2261,0.014064396
2262,0.013493253
2263,0.020989505
2264,0.022702934
2265,0.030127793
2266,0.038552152
2267,0.096880131
2268,0.12957807
2269,0.15406582
2270,0.15263797
2271,0.15720711
2272,0.21753409
2273,0.23659599
2274,0.2214607
2275,0.18026701
2276,0.10801742
2277,0.16520311
2278,0.19882916
2279,0.23352609
2280,0.21603484
2281,0.16684515
2282,0.11615621
2283,0.11944028
2284,0.10965946
2285,0.11237239
2286,0.09288213
2287,0.10009281
2288,0.15063897
2289,0.22867138
2290,0.29806525
2291,0.32133933
2292,0.27821803
2293,0.22060398
2294,0.18148069
2295,0.16520311
2296,0.13714571
2297,0.10980224
2298,0.088598558
2299,0.076604555
2300,0.072035411
2301,0.063111301
2302,0.057828229
2303,0.052830727
2304,0.05190262
2305,0.049975012
2306,0.048475762
2307,0.043978011
2308,0.039694438
2309,0.036838723
2310,0.035696437
2311,0.034982509
2312,0.03326908
2313,0.027771828
2314,0.024701935
2315,0.024630542
2316,0.028342971
2317,0.02955665
2318,0.030627543
2319,0.045048904
2320,0.0591133
2321,0.092810737
2322,0.083458271
2323,0.072606554
2324,0.078817734
2325,0.082672949
2326,0.069322482
2327,0.11986864
2328,0.10694653
2329,0.10808881
2330,0.11794103
2331,0.16370386
2332,0.20775327
2333,0.22324552
2334,0.16491754
2335,0.16641679
2336,0.14092954
2337,0.19633041
2338,0.16427501
2339,0.10194903
2340,0.08145927
2341,0.057542657
2342,0.06232598
2343,0.078603555
2344,0.095523667
2345,0.12964946
2346,0.126294
2347,0.1232241
2348,0.078674948
2349,0.063539659
2350,0.063396873
2351,0.050117798
2352,0.03898051
2353,0.033126294
2354,0.03055615
2355,0.030984508
2356,0.03055615
2357,0.029699436
2358,0.03326908
2359,0.031341472
2360,0.022417363
2361,0.02234597
2362,0.020846719
2363,0.018990505
2364,0.015563647
2365,0.011280074
2366,0.010066395
2367,0.0072106804
2368,0.0069251089
2369,0.016563147
2370,0.018062397
2371,0.021917613
2372,0.036196188
2373,0.077818234
2374,0.076104805
2375,0.084886128
2376,0.10730349
2377,0.13193403
2378,0.11194403
2379,0.13878775
2380,0.09188263
2381,0.088170201
2382,0.10816021
2383,0.079031913
2384,0.078746341
2385,0.060041408
2386,0.057185693
2387,0.053973013
2388,0.055258085
2389,0.072463768
2390,0.088455772
2391,0.074534161
2392,0.077532662
2393,0.11772685
2394,0.069893625
2395,0.058042407
2396,0.06703791
2397,0.085742843
2398,0.059827229
2399,0.041907618
2400,0.019204683
2401,0.017277076
2402,0.018919112
2403,0.025772828
2404,0.030413365
2405,0.027914614
2406,0.0270579
2407,0.025201685
2408,0.022631541
2409,0.012136789
2410,0.010351967
2411,0.011637039
2412,0.01192261
2413,0.012850717
2414,0.013636039
2415,0.0093524666
2416,0.01192261
2417,0.014849718
2418,0.020275576
2419,0.019490255
2420,0.019775826
2421,0.028200186
2422,0.052545156
2423,0.040336974
2424,0.044406368
2425,0.044049404
2426,0.041050903
2427,0.064896123
2428,0.070321982
2429,0.091668451
2430,0.14214321
2431,0.23559649
2432,0.2053973
2433,0.19447419
2434,0.23966588
2435,0.1082316
2436,0.26015564
2437,0.24601985
2438,0.17841079
2439,0.11151567
2440,0.21025202
2441,0.33383308
2442,0.36081959
2443,0.31541372
2444,0.13607482
2445,0.076318983
2446,0.05661455
2447,0.047619048
2448,0.045263083
2449,0.06382523
2450,0.078532162
2451,0.087956022
2452,0.060898122
2453,0.084814735
2454,0.078889127
2455,0.048404369
2456,0.049403869
2457,0.053044906
2458,0.041336475
2459,0.039266081
2460,0.037838224
2461,0.039051903
2462,0.033697437
2463,0.033054901
2464,0.029342472
2465,0.027629043
2466,0.021417862
2467,0.019990005
2468,0.020275576
2469,0.017919612
2470,0.018276576
2471,0.016206183
2472,0.013921611
2473,0.014421361
2474,0.01713429
2475,0.022774327
2476,0.030199186
2477,0.054901121
2478,0.044120797
2479,0.03576783
2480,0.034839723
2481,0.040551153
2482,0.045120297
2483,0.048047405
2484,0.11272935
2485,0.13800243
2486,0.093810238
2487,0.1021632
2488,0.10830299
2489,0.20225601
2490,0.23067038
2491,0.27336332
2492,0.3376883
2493,0.35332334
2494,0.22188906
2495,0.14342829
2496,0.26915114
2497,0.36717356
2498,0.35289498
2499,0.34247162
2500,0.38616406
2501,0.33911616
2502,0.19668737
2503,0.21853359
2504,0.24858999
2505,0.20325552
2506,0.148283
2507,0.13336189
2508,0.11272935
2509,0.099378882
2510,0.091668451
2511,0.10102092
2512,0.11836939
2513,0.083529664
2514,0.074819733
2515,0.060469765
2516,0.058684943
2517,0.056400371
2518,0.053901621
2519,0.054187192
2520,0.047619048
2521,0.043264082
2522,0.040693939
2523,0.037481259
2524,0.03376883
2525,0.032840722
2526,0.033983008
2527,0.032912115
2528,0.031127293
2529,0.031769829
2530,0.037695438
2531,0.060041408
2532,0.089598058
2533,0.061540658
2534,0.060184194
2535,0.074891126
2536,0.091311487
2537,0.11330049
2538,0.14507032
2539,0.14535589
2540,0.23988006
2541,0.10837438
2542,0.28414364
2543,0.22074677
2544,0.23381167
2545,0.31934033
2546,0.34282859
2547,0.35646462
2548,0.40237024
2549,0.49261084
2550,0.78182337
2551,1.0
2552,0.97337046
2553,0.79067609
2554,0.61647748
2555,0.45470122
2556,0.36231884
2557,0.298565
2558,0.24073677
2559,0.18126651
2560,0.16091954
2561,0.14285714
2562,0.12243878
2563,0.11115871
2564,0.11736989
2565,0.13607482
2566,0.10894553
2567,0.097379881
2568,0.084386378
2569,0.077818234
2570,0.075533662
2571,0.074391376
2572,0.068679946
2573,0.064896123
2574,0.058470765
2575,0.057828229
2576,0.058042407
2577,0.060469765
2578,0.056257585
2579,0.053973013
2580,0.061397872
2581,0.053687442
2582,0.049975012
2583,0.050046405
2584,0.064681945
2585,0.082315985
2586,0.085028914
2587,0.1412865
2588,0.18076676
2589,0.12615121
2590,0.15149568
2591,0.13600343
2592,0.1082316
2593,0.10644678
2594,0.10844578
2595,0.17798244
2596,0.20818162
2597,0.24908974
2598,0.26915114
2599,0.31298636
2600,0.36246163
2601,0.43292639
2602,0.55829228
2603,0.74527022
2604,0.74926822
2605,0.6202613
2606,0.53273363
2607,0.35939173
2608,0.17291354
2609,0.1633469
2610,0.21881916
2611,0.26743771
2612,0.20975227
2613,0.14000143
2614,0.12765046
2615,0.11458556
2616,0.10330549
2617,0.091025916
2618,0.089812237
2619,0.085742843
2620,0.082530163
2621,0.077675448
2622,0.083529664
2623,0.076818733
2624,0.071250089
2625,0.065467266
2626,0.061469265
2627,0.058185193
2628,0.0581138
2629,0.055115299
2630,0.051617049
2631,0.049975012
2632,0.049261084
2633,0.04669094
2634,0.049046905
2635,0.054187192
2636,0.05090312
2637,0.057257086
2638,0.055329478
2639,0.053187692
2640,0.058827729
2641,0.094809738
2642,0.10837438
2643,0.14735489
2644,0.18183765
2645,0.2414507
2646,0.27714714
2647,0.10851717
2648,0.23359749
2649,0.26672378
2650,0.31420004
2651,0.30598986
2652,0.3036339
2653,0.30142072
2654,0.23388306
2655,0.16170486
2656,0.12743628
2657,0.095309488
2658,0.096023417
2659,0.13564646
2660,0.15470836
2661,0.30820304
2662,0.38830585
2663,0.35003927
2664,0.22103234
2665,0.16070536
2666,0.13914471
2667,0.13050618
2668,0.11037338
2669,0.10044978
2670,0.093096309
2671,0.093953023
2672,0.10930249
2673,0.090169201
2674,0.064753338
2675,0.062254587
2676,0.060469765
2677,0.057257086
2678,0.052545156
2679,0.051759834
2680,0.04990362
2681,0.047476262
2682,0.049118298
2683,0.04519169
2684,0.041122296
2685,0.040836724
2686,0.038052402
2687,0.043906618
2688,0.048190191
2689,0.059970015
2690,0.089169701
2691,0.093239095
2692,0.10801742
2693,0.16691654
2694,0.22752909
2695,0.27507675
2696,0.28685657
2697,0.30620404
2698,0.30434783
2699,0.29799386
2700,0.10858856
2701,0.27065039
2702,0.27007925
2703,0.27764689
2704,0.2956379
2705,0.34040123
2706,0.37723995
2707,0.39951453
2708,0.44149354
2709,0.44363533
2710,0.3336903
2711,0.25073178
2712,0.26722353
2713,0.29792247
2714,0.33440423
2715,0.34504176
2716,0.35610766
2717,0.3336903
2718,0.22274577
2719,0.14778325
2720,0.12393803
2721,0.11251517
2722,0.11258656
2723,0.12358107
2724,0.1102306
2725,0.10758906
2726,0.095880631
2727,0.080388377
2728,0.076890126
2729,0.073891626
2730,0.074391376
2731,0.06853716
2732,0.064539159
2733,0.060969515
2734,0.058542157
2735,0.061255087
2736,0.058827729
2737,0.054329978
2738,0.052616549
2739,0.053044906
2740,0.047047905
2741,0.045977011
2742,0.047262083
2743,0.051260084
2744,0.051759834
2745,0.053544656
2746,0.052045406
2747,0.044549154
2748,0.049118298
2749,0.049189691
2750,0.040836724
2751,0.049261084
2752,0.053616049
2753,0.10865996
2754,0.057542657
2755,0.066752338
2756,0.11858357
2757,0.18190905
2758,0.21517813
2759,0.23502534
2760,0.25315913
2761,0.27664739
2762,0.34054401
2763,0.41950453
2764,0.48789891
2765,0.49111159
2766,0.43571072
2767,0.36424645
2768,0.31834083
2769,0.28093096
2770,0.25815664
2771,0.2073963
2772,0.18083815
2773,0.15056757
2774,0.11380024
2775,0.094881131
2776,0.090240594
2777,0.075319483
2778,0.063111301
2779,0.061255087
2780,0.072320982
2781,0.069750839
2782,0.067394874
2783,0.064610552
2784,0.060255586
2785,0.051260084
2786,0.047761833
2787,0.046048404
2788,0.045548654
2789,0.047833226
2790,0.045620047
2791,0.040551153
2792,0.046048404
2793,0.043406868
2794,0.042835725
2795,0.044763333
2796,0.082315985
2797,0.10351967
2798,0.098950525
2799,0.10644678
2800,0.13707432
2801,0.17127151
2802,0.20796744
2803,0.23880917
2804,0.26579567
2805,0.28585707
2806,0.10873135
2807,0.32533733
2808,0.32826444
2809,0.3136289
2810,0.2435211
2811,0.160277
2812,0.13314771
2813,0.096737346
2814,0.083958021
2815,0.092525166
2816,0.095880631
2817,0.085385878
2818,0.11979724
2819,0.12086814
2820,0.14042979
2821,0.16627401
2822,0.21596345
2823,0.14942529
2824,0.088955522
2825,0.07524809
2826,0.06953666
2827,0.064396373
2828,0.057471264
2829,0.047976012
2830,0.047047905
2831,0.046833726
2832,0.042978511
2833,0.040836724
2834,0.041550653
2835,0.038837724
2836,0.036124795
2837,0.033626044
2838,0.031912615
2839,0.033483258
2840,0.030270579
2841,0.030770329
2842,0.037338474
2843,0.038409367
2844,0.036124795
2845,0.039551653
2846,0.046262583
2847,0.041193689
2848,0.034411366
2849,0.034482759
2850,0.069965017
2851,0.072178197
2852,0.043763832
2853,0.043121296
2854,0.076818733
2855,0.12572285
2856,0.14664097
2857,0.21510673
2858,0.23830942
2859,0.10880274
2860,0.14392804
2861,0.12679375
2862,0.19611623
2863,0.26822303
2864,0.31876919
2865,0.35910616
2866,0.39344613
2867,0.4298565
2868,0.42171771
2869,0.29378168
2870,0.22495895
2871,0.20218462
2872,0.24130792
2873,0.27479118
2874,0.23281217
2875,0.15592204
2876,0.13450418
2877,0.11208681
2878,0.088170201
2879,0.08145927
2880,0.077461269
2881,0.069251089
2882,0.060755337
2883,0.0571143
2884,0.055043907
2885,0.052473763
2886,0.046048404
2887,0.044477761
2888,0.042050403
2889,0.040693939
2890,0.037552652
2891,0.035553652
2892,0.034054401
2893,0.032912115
2894,0.03276933
2895,0.027986007
2896,0.026915114
2897,0.026772328
2898,0.027914614
2899,0.038123795
2900,0.054401371
2901,0.049046905
2902,0.041265082
2903,0.053544656
2904,0.068180196
2905,0.083386878
2906,0.081816235
2907,0.059256086
2908,0.096451774
2909,0.17048619
2910,0.13364746
2911,0.11080174
2912,0.10887413
2913,0.22674377
2914,0.32819305
2915,0.3868066
2916,0.41415007
2917,0.40536874
2918,0.39366031
2919,0.34675519
2920,0.3016349
2921,0.304562
2922,0.29385307
2923,0.1804098
2924,0.16013422
2925,0.11187264
2926,0.095737845
2927,0.082101806
2928,0.071321482
2929,0.068894124
2930,0.073391875
2931,0.07324909
2932,0.057756836
2933,0.057042907
2934,0.05290212
2935,0.045834226
2936,0.043549654
2937,0.041407867
2938,0.03898051
2939,0.037409866
2940,0.035482259
2941,0.033554651
2942,0.03276933
2943,0.035696437
2944,0.038766331
2945,0.031270079
2946,0.028271578
2947,0.028200186
2948,0.042692939
2949,0.032269579
2950,0.024916113
2951,0.021417862
2952,0.020132791
2953,0.019775826
2954,0.02284572
2955,0.036838723
2956,0.033126294
2957,0.026415364
2958,0.024416363
2959,0.047047905
2960,0.052616549
2961,0.028699936
2962,0.056543157
2963,0.060898122
2964,0.094024416
2965,0.10894553
2966,0.10380524
2967,0.16513172
2968,0.093310488
2969,0.066538159
2970,0.091168701
2971,0.12936389
2972,0.070250589
2973,0.055829228
2974,0.069393874
2975,0.049261084
2976,0.054258585
2977,0.13800243
2978,0.13114871
2979,0.096023417
2980,0.091025916
2981,0.1793389
2982,0.091168701
2983,0.059256086
2984,0.067252088
2985,0.062540158
2986,0.043406868
2987,0.037409866
2988,0.034982509
2989,0.031412865
2990,0.028128793
2991,0.026629542
2992,0.023916613
2993,0.021917613
2994,0.020775327
2995,0.017491254
2996,0.016491754
2997,0.01563504
2998,0.014635539
2999,0.014064396
3000,0.01242236
3001,0.011065896
3002,0.010209181
3003,0.0092810737
3004,0.010994503
3005,0.025772828
3006,0.02434497
3007,0.017776826
3008,0.01242236
3009,0.020989505
3010,0.033411865
3011,0.032840722
3012,0.053687442
3013,0.077746841
3014,0.082958521
3015,0.12672235
3016,0.23980867
3017,0.31220104
3018,0.10901692
3019,0.33654601
3020,0.28528593
3021,0.24673378
3022,0.2394517
3023,0.13550368
3024,0.082887128
3025,0.11979724
3026,0.22602984
3027,0.20661098
3028,0.1182266
3029,0.14164346
3030,0.20761048
3031,0.21610623
3032,0.17091454
3033,0.10694653
3034,0.11130149
3035,0.10944528
3036,0.11915471
3037,0.074676947
3038,0.06232598
3039,0.052616549
3040,0.04719069
3041,0.043192689
3042,0.039623046
3043,0.036695938
3044,0.033697437
3045,0.029770829
3046,0.02855715
3047,0.026486757
3048,0.025273078
3049,0.02434497
3050,0.022488756
3051,0.021132291
3052,0.019633041
3053,0.018490755
3054,0.016991504
3055,0.015206682
3056,0.014278575
3057,0.012993503
3058,0.012350967
3059,0.015206682
3060,0.020775327
3061,0.022988506
3062,0.035839223
3063,0.053687442
3064,0.064396373
3065,0.066752338
3066,0.037409866
3067,0.066109802
3068,0.096808738
3069,0.08988363
3070,0.18926251
3071,0.10908831
3072,0.2455201
3073,0.16113372
3074,0.17255658
3075,0.13136289
3076,0.10716071
3077,0.063896623
3078,0.074605554
3079,0.15585065
3080,0.14321411
3081,0.097736846
3082,0.089669451
3083,0.14592704
3084,0.13985864
3085,0.080745342
3086,0.060255586
3087,0.044906118
3088,0.040622546
3089,0.045620047
3090,0.043763832
3091,0.034625544
3092,0.028914114
3093,0.026915114
3094,0.025487256
3095,0.022988506
3096,0.020918112
3097,0.024559149
3098,0.025130292
3099,0.028128793
3100,0.022488756
3101,0.020204184
3102,0.018847719
3103,0.020275576
3104,0.021275077
3105,0.017848219
3106,0.016063397
3107,0.014492754
3108,0.016563147
3109,0.022488756
3110,0.016920111
3111,0.018276576
3112,0.014064396
3113,0.01713429
3114,0.031270079
3115,0.050831727
3116,0.031984008
3117,0.039908617
3118,0.087884629
3119,0.15149568
3120,0.1252945
3121,0.20411223
3122,0.28014564
3123,0.37088599
3124,0.10915971
3125,0.40858142
3126,0.47804669
3127,0.63496823
3128,0.64474905
3129,0.37131434
3130,0.17748269
3131,0.14549868
3132,0.130292
3133,0.20232741
3134,0.2073963
3135,0.1643464
3136,0.11130149
3137,0.11408581
3138,0.10730349
3139,0.087384879
3140,0.070678946
3141,0.068322981
3142,0.054187192
3143,0.047976012
3144,0.052545156
3145,0.052759335
3146,0.045977011
3147,0.040622546
3148,0.037624045
3149,0.034839723
3150,0.03326908
3151,0.028342971
3152,0.028771329
3153,0.029842222
3154,0.046833726
3155,0.035196687
3156,0.027771828
3157,0.026558149
3158,0.025630042
3159,0.023916613
3160,0.023916613
3161,0.030341972
3162,0.0280574
3163,0.023702434
3164,0.026629542
3165,0.022988506
3166,0.018419362
3167,0.016063397
3168,0.023202684
3169,0.043835225
3170,0.037981009
3171,0.046833726
3172,0.032340972
3173,0.045334476
3174,0.076604555
3175,0.056471764
3176,0.065610052
3177,0.1092311
3178,0.056471764
3179,0.064467766
3180,0.12972085
3181,0.2334547
3182,0.28714214
3183,0.23095595
3184,0.20910973
3185,0.1593489
3186,0.19825801
3187,0.20846719
3188,0.22988506
3189,0.16091954
3190,0.20189905
3191,0.30527593
3192,0.3326908
3193,0.28778468
3194,0.17091454
3195,0.093310488
3196,0.10209181
3197,0.07896052
3198,0.068751339
3199,0.061397872
3200,0.056471764
3201,0.049475262
3202,0.045048904
3203,0.040693939
3204,0.036624545
3205,0.033483258
3206,0.031412865
3207,0.029199686
3208,0.027771828
3209,0.026272578
3210,0.02434497
3211,0.021132291
3212,0.01913329
3213,0.019418862
3214,0.016705933
3215,0.016420361
3216,0.016491754
3217,0.029342472
3218,0.028342971
3219,0.049261084
3220,0.033126294
3221,0.017991004
3222,0.017277076
3223,0.045263083
3224,0.12486614
3225,0.18519312
3226,0.10787463
3227,0.10594703
3228,0.16962947
3229,0.19818662
3230,0.10930249
3231,0.12743628
3232,0.15113872
3233,0.18069537
3234,0.27436282
3235,0.36660241
3236,0.36246163
3237,0.40544014
3238,0.55072464
3239,0.8727065
3240,0.88255872
3241,0.69079746
3242,0.54694082
3243,0.38716356
3244,0.22531591
3245,0.15713572
3246,0.12993503
3247,0.13072035
3248,0.15056757
3249,0.1312915
3250,0.11065896
3251,0.093239095
3252,0.073677447
3253,0.073606054
3254,0.073177697
3255,0.06853716
3256,0.062682944
3257,0.061754837
3258,0.058399372
3259,0.054829728
3260,0.050260584
3261,0.05040337
3262,0.050260584
3263,0.044263582
3264,0.037838224
3265,0.034911116
3266,0.032626544
3267,0.032912115
3268,0.033697437
3269,0.030341972
3270,0.034696937
3271,0.043335475
3272,0.082030413
3273,0.06753766
3274,0.051974013
3275,0.082958521
3276,0.23595345
3277,0.29542372
3278,0.23695295
3279,0.18569287
3280,0.17569787
3281,0.2344542
3282,0.27679018
3283,0.10937388
3284,0.29349611
3285,0.2966374
3286,0.30084958
3287,0.25637181
3288,0.22388806
3289,0.2144642
3290,0.16891554
3291,0.21032341
3292,0.26001285
3293,0.24573428
3294,0.21496395
3295,0.11465696
3296,0.096951524
3297,0.086099807
3298,0.093810238
3299,0.12500892
3300,0.11201542
3301,0.08095952
3302,0.073820233
3303,0.073034911
3304,0.067323481
3305,0.064396373
3306,0.057399871
3307,0.054686942
3308,0.054115799
3309,0.051545656
3310,0.049118298
3311,0.043406868
3312,0.040765332
3313,0.036838723
3314,0.0300564
3315,0.030841722
3316,0.028985507
3317,0.027343471
3318,0.026843721
3319,0.026558149
3320,0.023488256
3321,0.020204184
3322,0.020061398
3323,0.026415364
3324,0.043835225
3325,0.037909617
3326,0.02384522
3327,0.022774327
3328,0.03576783
3329,0.026843721
3330,0.027486257
3331,0.029699436
3332,0.064610552
3333,0.055543657
3334,0.05240237
3335,0.10908831
3336,0.10944528
3337,0.2525166
3338,0.25501535
3339,0.29970729
3340,0.31020204
3341,0.27179268
3342,0.23923752
3343,0.14385664
3344,0.15285215
3345,0.11044478
3346,0.11615621
3347,0.23909474
3348,0.33304776
3349,0.36338973
3350,0.36281859
3351,0.27279218
3352,0.19119012
3353,0.15006782
3354,0.11736989
3355,0.09338188
3356,0.076033412
3357,0.067466267
3358,0.065824231
3359,0.059041908
3360,0.053973013
3361,0.048261583
3362,0.044263582
3363,0.050117798
3364,0.047976012
3365,0.040551153
3366,0.037124295
3367,0.033197687
3368,0.031484258
3369,0.027343471
3370,0.026772328
3371,0.025201685
3372,0.023202684
3373,0.020775327
3374,0.018562147
3375,0.016705933
3376,0.015563647
3377,0.014421361
3378,0.014992504
3379,0.015420861
3380,0.013064896
3381,0.018562147
3382,0.023202684
3383,0.018776326
3384,0.06903691
3385,0.17419861
3386,0.16049118
3387,0.15663597
3388,0.11244378
3389,0.10951667
3390,0.16241879
3391,0.13800243
3392,0.13586064
3393,0.07946027
3394,0.057042907
3395,0.074891126
3396,0.10766046
3397,0.16463197
3398,0.16955808
3399,0.11230099
3400,0.074034411
3401,0.069465267
3402,0.10637538
3403,0.1262226
3404,0.13550368
3405,0.09559506
3406,0.076461769
3407,0.068894124
3408,0.065824231
3409,0.056257585
3410,0.062897123
3411,0.049189691
3412,0.040908117
3413,0.03626758
3414,0.031769829
3415,0.029128293
3416,0.026415364
3417,0.024130792
3418,0.02184622
3419,0.019704433
3420,0.018276576
3421,0.016920111
3422,0.015492254
3423,0.013564646
3424,0.011779824
3425,0.0099950025
3426,0.0087813236
3427,0.0075676447
3428,0.0077104305
3429,0.0069965017
3430,0.0082101806
3431,0.012136789
3432,0.019704433
3433,0.017062897
3434,0.024202185
3435,0.11080174
3436,0.064396373
3437,0.070250589
3438,0.090240594
3439,0.090526165
3440,0.13414721
3441,0.22067538
3442,0.10958806
3443,0.17919612
3444,0.20703934
3445,0.21367887
3446,0.15299493
3447,0.094952524
3448,0.059184693
3449,0.05861355
3450,0.066538159
3451,0.042478761
3452,0.060826729
3453,0.065038909
3454,0.10366245
3455,0.091311487
3456,0.058470765
3457,0.045905619
3458,0.031984008
3459,0.058399372
3460,0.057399871
3461,0.032412365
3462,0.025630042
3463,0.022774327
3464,0.026772328
3465,0.028842721
3466,0.021989005
3467,0.016848718
3468,0.015706432
3469,0.014207182
3470,0.01242236
3471,0.01242236
3472,0.010280574
3473,0.01092311
3474,0.0086385379
3475,0.0098522167
3476,0.0077818234
3477,0.0077104305
3478,0.0069965017
3479,0.005140287
3480,0.0058542157
3481,0.00571143
3482,0.0037124295
3483,0.0071392875
3484,0.013564646
3485,0.015777825
3486,0.016848718
3487,0.020061398
3488,0.054901121
3489,0.079603056
3490,0.11365746
3491,0.20411223
3492,0.095023917
3493,0.087527665
3494,0.09559506
3495,0.10965946
3496,0.15092454
3497,0.22196045
3498,0.28421504
3499,0.31776969
3500,0.28699936
3501,0.2094667
3502,0.12236739
3503,0.069393874
3504,0.068251588
3505,0.10751767
3506,0.25744271
3507,0.25965589
3508,0.24287856
3509,0.22138931
3510,0.21425002
3511,0.21375027
3512,0.13885914
3513,0.13414721
3514,0.13243378
3515,0.092025416
3516,0.073463268
3517,0.079031913
3518,0.064610552
3519,0.056043407
3520,0.062468766
3521,0.058256586
3522,0.045834226
3523,0.039623046
3524,0.034982509
3525,0.032126794
3526,0.029199686
3527,0.025772828
3528,0.026486757
3529,0.022488756
3530,0.018776326
3531,0.017348469
3532,0.014207182
3533,0.013707432
3534,0.014349968
3535,0.025415863
3536,0.023988006
3537,0.017991004
3538,0.01663454
3539,0.027129292
3540,0.035910616
3541,0.024273577
3542,0.026058399
3543,0.035910616
3544,0.04990362
3545,0.13014921
3546,0.14171486
3547,0.21467838
3548,0.10973085
3549,0.17962447
3550,0.09138288
3551,0.082458771
3552,0.13350468
3553,0.15078175
3554,0.17484115
3555,0.10259156
3556,0.09759406
3557,0.18754908
3558,0.23024202
3559,0.13871636
3560,0.083101306
3561,0.064253587
3562,0.08988363
3563,0.060255586
3564,0.046476762
3565,0.037695438
3566,0.032055401
3567,0.037195688
3568,0.037124295
3569,0.0300564
3570,0.025487256
3571,0.026700935
3572,0.030698936
3573,0.026058399
3574,0.025415863
3575,0.019775826
3576,0.01863354
3577,0.01663454
3578,0.017491254
3579,0.015349468
3580,0.012493753
3581,0.012065396
3582,0.01092311
3583,0.0092810737
3584,0.0087099307
3585,0.0064253587
3586,0.012707932
3587,0.010066395
3588,0.0019276076
3589,0.0059256086
3590,0.006853716
3591,0.014207182
3592,0.037624045
3593,0.025273078
3594,0.073606054
3595,0.10873135
3596,0.12850717
3597,0.11230099
3598,0.15342329
3599,0.1994003
3600,0.1563504
3601,0.10980224
3602,0.14071536
3603,0.12372385
3604,0.17662597
3605,0.10994503
3606,0.073106304
3607,0.062682944
3608,0.058470765
3609,0.036838723
3610,0.044406368
3611,0.12029699
3612,0.25472978
3613,0.25380167
3614,0.22902834
3615,0.12972085
3616,0.078817734
3617,0.054115799
3618,0.045905619
3619,0.046333976
3620,0.03476833
3621,0.031555651
3622,0.030841722
3623,0.025915614
3624,0.021989005
3625,0.020846719
3626,0.018347969
3627,0.017919612
3628,0.016705933
3629,0.014992504
3630,0.011637039
3631,0.01863354
3632,0.01192261
3633,0.011494253
3634,0.011065896
3635,0.009709431
3636,0.0084243592
3637,0.0069251089
3638,0.0062111801
3639,0.0062111801
3640,0.0059970015
3641,0.0084957521
3642,0.0072820732
3643,0.010137788
3644,0.0093524666
3645,0.015849218
3646,0.037195688
3647,0.037552652
3648,0.065467266
3649,0.090240594
3650,0.13143428
3651,0.14642679
3652,0.16298993
3653,0.15720711
3654,0.10987363
3655,0.19426001
3656,0.25144571
3657,0.25237381
3658,0.15049618
3659,0.15349468
3660,0.21253659
3661,0.24816163
3662,0.28114514
3663,0.20061398
3664,0.1372885
3665,0.15742129
3666,0.18490755
3667,0.28150211
3668,0.23895195
3669,0.14542729
3670,0.10673235
3671,0.080673949
3672,0.075390876
3673,0.071321482
3674,0.055900621
3675,0.047333476
3676,0.041836225
3677,0.037481259
3678,0.034625544
3679,0.033626044
3680,0.029199686
3681,0.025701435
3682,0.026915114
3683,0.024773328
3684,0.017705433
3685,0.020775327
3686,0.021203684
3687,0.010851717
3688,0.016991504
3689,0.013564646
3690,0.01242236
3691,0.018276576
3692,0.033126294
3693,0.024273577
3694,0.018062397
3695,0.014564146
3696,0.013850218
3697,0.013921611
3698,0.0089241094
3699,0.0092096809
3700,0.063753837
3701,0.09659456
3702,0.14078675
3703,0.11108731
3704,0.13943028
3705,0.2103948
3706,0.26386807
